response_key,response_time,t87,t88,t89,t90,t91,t92,t93,t94,t95,t96,t97,t98,t99,t100,t101,t102,t103,t104,t105,t106,t107,t108,t109,t110,t111,t112,t113,t114,t115,t116,t117,t118,t119,t120,t121,t122,t123,t124,t125,t126,t127,t128,t129,t130,t131,t132,t133,t134,t135,t136,t137,t138,t139,t140,t141,t142,t143,t144,t145,t146,t147,t148,t149,t150,t151,t152,t153,t154,t155,t156,t157,t158,t159,t160,t161,t162,t163,t164,t165,t166,t167,t168,t169,t170,t171,t172,t173,t174,t175,t176,t177,t178,t179,t180,t181,t182,t183,t184,t185,t186,t187,t188,t189,t190,t191,t192,t193,t194,t195,t196,t197,t198,t199,t200,t201,t202,t203,t204,t205,t206,t207,t208,t209,t210,t211,t212,t213,t214,t215,t216,t217,t218,t219,t220,t221,t222,t223,t224,t225,t226,t227,t228,t229,t230,t231,t232,t233,t234,t235,t236,t237,t238,t239,t240,t241,t242,t243,t244,t245,t246,t247,t248,t249,t250,t251,t252,t253,t254,t255,t256,t257,t258,t259,t260,t261,t262,t263,t264,t265,t266,t267,t268,t269,t270,t271,t272,t273,t274,t275,t276,t277,t278,t279,t280,t281,t282,t283,t284,t285,t286,t287,t288,t289,t290,t291,t292,t293,t294,t295,t296,t297,t298,t299,t300,t301,t302,t303,t304,t305,t306,t307,t308,t309,t310,t311,t312,t313,t314,t315,t316,t317,t318,t319,t320,t321,t322,t323,t324,t325,t326,t327,t328,t329,t330,t331,t332,t333,t334,t335,t336,t337,t338,t339,t340,t341,t342,t343,t344,t345,t346,t347,t348,t349,t350,t351,t352,t353,t354,t355,t356,t357,t358,t359,t360,t361,t362,t363,t364,t365,t366,t367,t368,t369,t370,t371,t372,t373,t374,t375,t376,t377,t378,t379,t380,t381,t382,t383,t384,t385,t386,t387,t388,t389,t390,t391,t392,t393,t394,t395,t396,t397,t398,t399,t400,t401,t402,t403,t404,t405,t406,t407,t408,t409,t410,t411,t412,t413,t414,t415,t416,t417,t418,t419,t420,t421,t422,t423,t424,t425,t426,t427,t428,t429,t430,t431,t432,t433,t434,t435,t436,t437,t438,t439,t440,t441,t442,t443,t444,t445,t446,t447,t448,t449,t450,t451,t452,t453,t454,t455,t456,t457,t458,t459,t460,t461,t462,t463,t464,t465,t466,t467,t468,t469,t470,t471,t472,t473,t474,t475,t476,t477,t478,t479,t480,t481,t482,t483,t484,t485,t486,t487,t488,t489,t490,t491,t492,t493,t494,t495,t496,t497,t498,t499,t500,t501,t502,t503,t504,t505,t506,t507,t508,t509,t510,t511,t512,t513,t514,t515,t516,t517
right,1.0800394999969285,4.9181457,4.9410796,4.9202847,4.903818,4.919389,4.9072247,4.9086146,4.9402795,4.912415,4.903364,4.921731,4.9148674,4.900055,4.9104075,4.906691,4.9218655,4.9080663,4.9245753,4.9253917,4.931344,4.91855,4.956889,4.9592547,4.963639,4.943628,4.986103,4.9946,5.013762,5.0145392,5.0160193,5.0191817,5.015196,5.0360904,5.0175376,5.024707,5.033325,5.0405936,5.068609,5.076809,5.0670404,5.0682726,5.072744,5.0624194,5.079545,5.064046,5.080788,5.095388,5.0873923,5.074792,5.084154,5.0785794,5.070756,5.033215,5.026754,4.9940424,4.9973683,4.963313,4.9336343,4.8944464,4.882819,4.8862333,4.839677,4.824615,4.8099947,4.7653084,4.804115,4.7235928,4.71943,4.683784,4.639494,4.636102,4.6226797,4.628335,4.6127925,4.581077,4.5785956,4.55642,4.556375,4.5559464,4.529392,4.5109525,4.503006,4.4466124,4.457864,4.465555,4.4485903,4.44341,4.4351096,4.4530163,4.433135,4.422946,4.4198895,4.430469,4.4257607,4.4299607,4.425071,4.434747,4.4325833,4.4293633,4.418683,4.4084263,4.4125323,4.4255757,4.424875,4.4152913,4.4306874,4.4191628,4.4347477,4.422811,4.423367,4.4286065,4.4270797,4.4338307,4.438758,4.4527016,4.4666524,4.4559617,4.4727106,4.4817634,4.49722,4.5098853,4.504709,4.5112934,4.5169206,4.512835,4.533087,4.5311613,4.5631275,4.5687413,4.5519595,4.578763,4.5645123,4.577203,4.585391,4.5834475,4.5960236,4.6030855,4.6017976,4.636508,4.6194224,4.6280923,4.624749,4.6398997,4.6653767,4.6755123,4.661558,4.675345,4.684173,4.7066207,4.718945,4.7321453,4.720202,4.772003,4.760719,4.749464,4.767684,4.7781143,4.8097143,4.81858,4.8157873,4.824557,4.82506,4.82008,4.810524,4.8158627,4.822551,4.815141,4.8192687,4.840384,4.837819,4.8395977,4.868616,4.885131,4.8664103,4.8779554,4.875727,4.868161,4.8811855,4.9060016,4.917529,4.926667,4.9189057,4.903355,4.8922353,4.9262404,4.965588,4.9623013,4.951444,4.9980297,4.9766555,4.992073,4.9792767,5.00074,5.0138836,5.001307,5.033664,5.024473,5.0480814,5.0643,5.049408,5.07393,5.0649505,5.0764837,5.101987,5.0915036,5.094106,5.0962763,5.099274,5.098315,5.094043,5.106804,5.1176686,5.10636,5.101085,5.120338,5.1155796,5.1099424,5.110848,5.097483,5.0900497,5.1030602,5.102638,5.1054063,5.099402,5.101897,5.0956798,5.0815654,5.082184,5.0832872,5.067487,5.080106,5.0712996,5.062968,5.073858,5.0425196,5.0654707,5.0557113,5.0501513,5.060956,5.06119,5.0556893,5.0403147,5.0058484,5.001541,4.929449,4.921756,4.9764204,4.9793615,5.129495,5.111339,5.0872602,5.061686,5.044268,5.0374184,5.05198,5.038955,5.0428505,5.03932,5.131754,5.1453176,5.1561723,5.158273,5.2017927,5.17923,5.2075152,5.201157,5.207792,5.211953,5.2256346,5.217702,5.214482,5.2260075,5.225538,5.2274837,5.218462,5.229857,5.2671123,5.238485,5.226388,5.257478,5.2588396,5.267045,5.2635703,5.289895,5.2617974,5.2971406,5.306528,5.3069515,5.3117833,5.304562,5.311237,5.3033853,5.3212466,5.3155656,5.3440485,5.310123,5.3251557,5.3210573,5.321195,5.3361425,5.3450537,5.3563604,5.3162117,5.3407702,5.345704,5.3547006,5.351234,5.3303704,5.3376904,5.343104,5.335503,5.3237185,5.3489814,5.322576,5.326579,5.3365273,5.3234777,5.329557,5.3304033,5.33734,5.338157,5.3235884,5.3178754,5.312898,5.334651,5.2968955,5.306382,5.2991405,5.3070407,5.3198895,5.2929435,5.304546,5.2833476,5.281378,5.2775216,5.301123,5.2813783,5.2802,5.286658,5.2787385,5.265954,5.28097,5.2675962,5.2755613,5.2580976,5.2706103,5.2597456,5.2535553,5.261074,5.2579494,5.2625422,5.2529197,5.233602,5.250978,5.2534556,5.2389235,5.2369423,5.228918,5.2534394,5.2452393,5.2402515,5.244907,5.259357,5.265226,5.2451763,5.2531915,5.2441607,5.2217646,5.2326975,5.2162843,5.2519927,5.2282615,5.234198,5.2622404,5.2566195,5.2451024,5.2491703,5.2610903,5.255633,5.2698226,5.231589,5.238483,5.252962,5.229715,5.2585845,5.2570295,5.258199,5.244754,5.2575436,5.2706866,5.251112,5.26314,5.2680435,5.2582393,5.284228,5.272038,5.2636867,5.264825,5.2697644,5.2691402,5.2760434,5.28314,5.2794375,5.2878485,5.2561026,5.263131,5.2764187,5.2656074,5.2809677,5.2762804,5.279921,5.303566,5.275051,5.3150063,5.330423,5.3147583,5.314659,5.315728,5.3401117,5.3254714,5.314591,5.321725,5.30767,5.3037863,5.310797,5.3166347,5.3232775,5.322998,5.3192506,5.333445,5.3102775
right,0.7117117999878246,4.898998,4.8923273,4.906636,4.884806,4.883687,4.9027185,4.893476,4.8777657,4.878224,4.907249,4.8808823,4.8724136,4.8932204,4.883787,4.889194,4.890569,4.908208,4.9144235,4.907491,4.9060326,4.908691,4.901104,4.926905,4.918915,4.915435,4.9032106,4.9185734,4.929153,4.947116,4.914682,4.923782,4.9269276,4.9230576,4.9224267,4.9217086,4.925956,4.9312572,4.9135523,4.935805,4.919207,4.9197326,4.93447,4.930566,4.9253507,4.927931,4.9186077,4.928852,4.914746,4.911338,4.9009976,4.9127717,4.8892264,4.8725214,4.8470054,4.8252845,4.8022175,4.8102956,4.7838907,4.764045,4.69926,4.6902323,4.6608753,4.6539087,4.6221256,4.5631576,4.55475,4.5160365,4.5142336,4.475543,4.455464,4.420968,4.3969226,4.3565784,4.3229237,4.3211513,4.284802,4.27064,4.2593455,4.2663965,4.23939,4.1906967,4.1890497,4.161776,4.15215,4.1557097,4.13662,4.09358,4.1058636,4.0895905,4.0747705,4.0626135,4.06292,4.0703225,4.0649824,4.0577955,4.0577955,4.0298724,4.045318,4.0483165,4.051548,4.0377,4.035921,4.034934,4.0347137,4.0336356,4.032579,4.0203123,4.015788,4.019597,4.040608,4.0222425,4.01193,4.0356717,4.0238214,4.0404916,4.0310774,4.0445313,4.0427556,4.034656,4.042022,4.057188,4.0825834,4.0545726,4.0606723,4.090585,4.0757537,4.1040454,4.0997615,4.1302824,4.1476755,4.131969,4.1420755,4.148805,4.1923604,4.208905,4.205639,4.249037,4.232048,4.222833,4.241055,4.247227,4.249686,4.2516136,4.2701607,4.257698,4.264787,4.306952,4.291029,4.3048615,4.323882,4.355248,4.3558087,4.3649592,4.3663607,4.3738503,4.3651233,4.3992763,4.4077044,4.4092717,4.405108,4.422028,4.423322,4.476067,4.4773965,4.4702463,4.469923,4.472097,4.4875627,4.5151677,4.5006657,4.503298,4.5285106,4.5213723,4.5138416,4.518902,4.5191407,4.5239043,4.520231,4.4942884,4.5126896,4.4921246,4.4865947,4.487652,4.518275,4.5164266,4.4801893,4.493817,4.5042157,4.495928,4.4767475,4.474205,4.4858403,4.46217,4.477859,4.500878,4.486148,4.4994307,4.4494143,4.400501,4.5005465,4.6134396,4.6678996,4.5699496,4.540774,4.51414,4.5234694,4.492259,4.5515633,4.590259,4.600935,4.615968,4.5970526,4.616656,4.620204,4.6166773,4.5983047,4.626026,4.6049247,4.6367173,4.6050954,4.6120405,4.6204486,4.629115,4.6212015,4.620212,4.625575,4.6312885,4.620402,4.641918,4.6471305,4.631732,4.6333337,4.6477966,4.6706676,4.670635,4.6769104,4.667831,4.6569185,4.686695,4.67173,4.674361,4.6850877,4.6828976,4.6692123,4.682335,4.7004814,4.698054,4.684004,4.673756,4.685973,4.680554,4.68958,4.679396,4.692667,4.681401,4.730441,4.7093077,4.752902,4.737272,4.7411184,4.763515,4.719846,4.7342362,4.754847,4.750669,4.751962,4.7598248,4.7593145,4.7455807,4.7477612,4.737345,4.7321587,4.74834,4.732274,4.7350445,4.7477264,4.7360945,4.7316246,4.7289333,4.7289467,4.722339,4.7264576,4.723753,4.7455416,4.7423973,4.7260633,4.7542214,4.713349,4.727742,4.7318683,4.721088,4.723348,4.7443933,4.7287297,4.7202454,4.741352,4.7264624,4.733951,4.726235,4.730594,4.7214117,4.7263637,4.735788,4.742321,4.7364063,4.722802,4.75869,4.7531705,4.742355,4.7531533,4.731382,4.7529116,4.7651024,4.742848,4.749645,4.75514,4.7499,4.7418947,4.756952,4.778075,4.7607975,4.7783155,4.7733626,4.732712,4.751125,4.7618976,4.745768,4.7491617,4.772823,4.748448,4.735939,4.7360597,4.783829,4.760854,4.772684,4.777402,4.771289,4.788723,4.7728148,4.788438,4.815473,4.7905526,4.82437,4.82352,4.826195,4.8267593,4.8551183,4.8612037,4.8613906,4.8447967,4.865192,4.858187,4.8601713,4.869962,4.876963,4.8789744,4.8645053,4.8880396,4.879374,4.9004226,4.8915505,4.885974,4.8826737,4.884962,4.887176,4.8957763,4.866548,4.896934,4.8806677,4.9052963,4.8834624,4.8851895,4.8832583,4.8978014,4.8853645,4.883352,4.894087,4.918893,,,,,,,,,,,,,,,,,,,,,,,,,,,,,,,,,,,,,,,,,,,,,,,,,,,,,
right,0.6289524000021629,5.1411853,5.150455,5.15343,5.1699195,5.1602464,5.1621146,5.155764,5.159667,5.156578,5.1670814,5.1541953,5.1524024,5.162475,5.160366,5.1688147,5.1552434,5.1591845,5.1568036,5.1613607,5.1659904,5.1525617,5.154389,5.15537,5.1765766,5.1696978,5.1725364,5.1920295,5.1912427,5.1907334,5.2186527,5.192844,5.2050586,5.23249,5.222395,5.2308836,5.2060432,5.2361374,5.2310147,5.238366,5.264006,5.250122,5.2504077,5.260024,5.2601194,5.2640734,5.2876525,5.2637873,5.2621117,5.272258,5.2802186,5.2441535,5.255679,5.2663255,5.240541,5.209057,5.2197666,5.184881,5.1887975,5.1623096,5.135561,5.127088,5.06309,5.03397,5.0088196,5.011638,4.9768825,4.9454026,4.9053087,4.8709264,4.8676033,4.8354893,4.801045,4.792189,4.7528377,4.7408013,4.724788,4.7248545,4.696263,4.659257,4.6094007,4.599887,4.5844545,4.587227,4.575367,4.5673018,4.554327,4.5186005,4.486327,4.503562,4.465283,4.4885316,4.4652505,4.459194,4.4759483,4.4696884,4.4582276,4.4735565,4.4634147,4.4533706,4.4484224,4.4581566,4.4337716,4.4385242,4.4492226,4.4427924,4.4181204,4.431289,4.4404793,4.43694,4.416966,4.4345894,4.43992,4.3997946,4.4260206,4.42209,4.437133,4.4471903,4.418833,4.4229627,4.439519,4.459254,4.4511485,4.445577,4.452032,4.4769616,4.4442186,4.4757943,4.4623566,4.462242,4.4727445,4.463429,4.4851184,4.4894986,4.4982433,4.524536,4.5080347,4.5407066,4.554523,4.573155,4.5736985,4.5716558,4.579042,4.5967145,4.6204543,4.6343555,4.6392717,4.648783,4.679567,4.687336,4.690288,4.693917,4.739246,4.746699,4.755161,4.745389,4.738791,4.750702,4.767885,4.7504573,4.7748537,4.7572412,4.785549,4.7870083,4.7975082,4.798493,4.7850437,4.8045897,4.8039155,4.7815514,4.814618,4.7942553,4.825072,4.8273087,4.83441,4.8178644,4.8430834,4.857309,4.82926,4.855443,4.8506823,4.8646145,4.8581014,4.89221,4.887925,4.8592963,4.861935,4.892327,4.8714137,4.726939,5.071393,5.1509275,4.9158626,4.9082565,4.9030714,4.92343,4.900414,4.9004,4.9085355,4.880628,4.8662534,4.869857,4.9430914,4.9206195,4.957153,4.981866,4.9659786,4.9974422,5.007354,4.998073,4.995317,5.0160646,5.018927,5.0220423,5.026788,5.050864,5.029126,5.0642753,5.0337677,5.054062,5.0812335,5.077361,5.0986915,5.0943975,5.10234,5.1167097,5.113967,5.1103554,5.1308217,5.1095715,5.1108766,5.116289,5.0919223,5.097285,4.829305,5.1592436,5.2392607,5.383661,5.1700006,5.184312,5.2016854,5.180647,5.1543837,5.1311283,5.1409035,5.1237707,5.1318636,5.114475,5.1562514,5.1678786,5.157227,5.184967,5.1776814,5.1726923,5.169168,5.1721735,5.1802015,5.1734257,5.161878,5.168531,5.182947,5.1782293,5.196018,5.1685824,5.1781626,5.196706,5.1659503,5.1917057,5.1699038,5.1712646,5.171565,5.1789856,5.1760073,5.185599,5.170911,5.1978416,5.1790495,5.203879,5.189084,5.1755166,5.1743507,5.161466,5.194282,5.1757026,5.173021,5.1780887,5.169069,5.2233415,5.1736307,5.1649117,5.182429,5.1869216,5.182297,5.1812186,5.174175,5.2131925,5.1615677,5.1748457,5.201051,5.1747274,5.1967397,5.2091527,5.2014246,5.1971397,5.2163754,5.215863,5.202893,5.1916585,5.194364,5.166708,5.1894064,5.1833205,5.1919413,5.183972,5.169976,5.1669674,5.175286,5.174536,5.178529,5.181647,5.1555963,5.1943526,5.181163,5.1855955,5.1727705,5.1762996,5.1714892,5.1869154,5.1739306,5.167462,5.148878,5.165534,5.1587477,5.172947,5.1839857,5.164084,5.1815023,5.1823516,5.193572,5.1838403,5.160816,5.1638064,5.2091994,5.1934543,5.1649737,5.1706038,5.1765246,5.1857057,5.1927824,5.188734,5.1680045,5.1693096,5.1641545,5.1796093,5.1812983,5.181602,5.2044635,5.1855836,5.2139087,5.178586,5.206268,5.1630898,5.2014585,5.196077,5.2075114,5.19518,5.206408,5.200323,5.2272964,5.2012234,,,,,,,,,,,,,,,,,,,,,,,,,,,,,,,,,,,,,,,,,,,,,,,,,,,,,,,,,,,,,,
right,1.39409169999999,4.569345,4.565549,4.554469,4.542326,4.5183096,4.544307,4.542176,4.531345,4.5193033,4.5165133,4.516256,4.5187526,4.508946,4.515894,4.5158257,4.5189333,4.511596,4.518631,4.5057125,4.511097,4.5086236,4.5346646,4.5177035,4.5181756,4.5191164,4.5192323,4.49628,4.5067945,4.491535,4.4947286,4.5069966,4.480807,4.4939094,4.478435,4.485742,4.4871993,4.461365,4.473024,4.4759336,4.489659,4.4618573,4.4452014,4.4572625,4.44405,4.439721,4.441726,4.417479,4.4261694,4.3949018,4.402749,4.391437,4.349108,4.3685184,4.333624,4.3071504,4.325015,4.2630844,4.259691,4.219551,4.1956053,4.1647162,4.140327,4.1421933,4.1527805,4.0859995,4.0373235,4.019839,3.9935787,3.9594944,3.9578176,3.9366157,3.9095032,3.8830886,3.860208,3.8596554,3.8596756,3.8413386,3.8140473,3.7943392,3.7762668,3.7685375,3.7448697,3.7345827,3.6974769,3.6951284,3.7086306,3.6820114,3.651116,3.67342,3.6854866,3.6670375,3.6566339,3.6472993,3.6588876,3.6521873,3.6578467,3.645151,3.6603215,3.650112,3.5497565,3.5797155,3.5197482,3.5199912,3.583998,3.5609982,3.515858,3.548479,3.5066042,3.4830465,3.4591787,3.5089169,3.474907,3.5081928,3.5265524,3.882625,3.9183357,3.947495,3.9485323,3.9375355,3.9410257,3.95175,3.9606357,3.9651544,3.9407806,3.9518135,3.9849594,3.9583178,3.9858172,3.9942374,3.9966843,4.011415,4.038107,4.035673,4.0820556,4.04739,4.0573955,4.1038175,4.1167245,4.1282496,4.143603,4.1428466,4.1479883,4.147162,4.1533194,4.1637335,4.159304,4.1667323,4.197655,4.184485,4.2196474,4.204727,4.217054,4.243929,4.235385,4.241387,4.234333,4.265361,4.235125,4.2452874,4.263003,4.267509,4.2761126,4.252967,4.268479,4.2768335,4.2601004,4.2855015,4.297712,4.2983212,4.2838244,4.298593,4.2954245,4.299833,4.3419867,4.3546185,4.3746834,4.361789,4.3599916,4.362451,4.3759713,4.3696084,4.3806953,4.3986464,4.3804736,4.3769226,4.3986707,4.3765736,4.4005375,4.4073944,4.393054,4.4167957,4.38333,4.4358892,4.421863,4.4313307,4.401261,4.4637628,4.452866,4.449449,4.4527307,4.4555187,4.4700913,4.475445,4.474395,4.4595385,4.4756384,4.443116,4.4667068,4.4381757,4.44033,4.432047,4.416422,4.4173617,4.410928,4.3880773,4.4040427,4.380664,4.365671,4.361122,4.3526344,4.343247,4.3314295,4.3139267,4.2480345,4.210684,4.2521906,3.8749733,3.9315014,4.069073,4.03321,4.101,4.032419,4.1513042,4.098175,4.118092,4.113174,4.1256194,4.1456747,4.1469007,4.153204,4.15832,4.1623044,4.1500473,4.1521974,4.1489434,4.1515102,4.1676974,4.1498632,4.159748,4.157558,4.160008,4.1568995,4.152412,4.1519785,4.172974,4.1859097,4.181427,4.173534,4.2226934,4.234247,4.2683425,4.2076526,4.20076,4.2041235,4.229127,4.258417,4.2653046,4.262578,4.2447896,4.2748284,4.2874165,4.3151426,4.3234205,4.3132987,4.3132396,4.319836,4.3623486,4.3534317,4.3624477,4.3508615,4.374583,4.382465,4.3855515,4.3836136,4.393733,4.3988795,4.4018574,4.4024973,4.4336553,4.4302626,4.4217863,4.4581447,4.4423275,4.4697804,4.476986,4.4713902,4.4727497,4.4892387,4.486041,4.499116,4.4990406,4.5181823,4.5101132,4.5115323,4.5034633,4.5188584,4.5209002,4.507199,4.498951,4.524346,4.5271034,4.5261655,4.513595,4.5085983,4.5169086,4.5153694,4.512242,4.5169067,4.5175624,4.530858,4.522092,4.53261,4.5302463,4.5243387,4.53282,4.535239,4.5223713,4.5395594,4.5368676,4.5680847,4.5349097,4.5512943,4.533153,4.5427165,4.5529685,4.55139,4.555374,4.5182357,4.527447,4.5511713,4.55533,4.5509315,4.538724,4.54433,4.5346065,4.5316267,4.551389,4.557721,4.5591664,4.5227447,4.559447,4.539183,4.5583224,4.537449,4.562286,4.552069,4.5752525,4.576199,4.5631227,4.565339,4.5615935,4.5617447,4.5540485,4.5757613,4.572023,4.59179,4.559328,4.5609922,4.5792384,4.5860286,4.5869493,4.56986,4.614244,4.567369,4.57179,4.5884643,4.6087294,4.6031737,4.5786457,4.6113586,4.602896,4.5986824,4.5883656,4.5959516,4.5730534,4.6304846,4.600368,4.6163077,4.5868945,4.5796604,4.58523,4.573581,4.594295,4.5836596,4.577156,4.5717597,4.578808,4.581734,4.559078,4.582323,4.586722,4.568147,4.5854206,4.559952,4.5754147,4.5713,4.5538697,4.5644507,,,,,,,,,,,,,,,,,,,,,,,
right,0.6196853999863379,5.280441,5.247532,5.2090616,5.2363367,5.2261744,5.2026334,5.2246933,5.2367334,5.2607355,5.2425604,5.215503,5.2219696,5.218819,5.2292514,5.215763,5.222427,5.2496367,5.2342443,5.222968,5.23282,5.236081,5.237445,5.2463903,5.2353387,5.2280393,5.2559686,5.224724,5.2482347,5.2700305,5.2666335,5.2456694,5.2401466,5.258448,5.2538347,5.2688107,5.2827463,5.268341,5.273967,5.261235,5.2558455,5.2604756,5.2573533,5.274483,5.271834,5.2839727,5.2799335,5.2714934,5.268395,5.2652497,5.271337,5.26424,5.2787027,5.2605405,5.2322273,5.2371078,5.2083597,5.1692,5.151124,5.1186237,5.1063895,5.0640345,5.0554557,5.026095,5.00918,4.956777,4.9428062,4.9259176,4.8675866,4.8564463,4.799311,4.769157,4.7605734,4.7377167,4.732414,4.7191725,4.6896715,4.6954803,4.668952,4.598145,4.601878,4.562586,4.5431705,4.5656023,4.5397797,4.5124393,4.5053277,4.4937663,4.503631,4.486802,4.5000505,4.456541,4.4752135,4.438609,4.453335,4.443572,4.4310765,4.4283066,4.4211173,4.4239283,4.408883,4.416642,4.4245505,4.4122267,4.41011,4.41345,4.380867,4.4129634,4.3861046,4.3813524,4.4223742,4.4137235,4.3980417,4.431011,4.3795085,4.4038196,4.392616,4.4085655,4.414374,4.4150057,4.404756,4.4420156,4.405337,4.4445586,4.4281445,4.456478,4.463065,4.464119,4.472641,4.47037,4.455276,4.4575605,4.4663253,4.4813094,4.4724927,4.4733133,4.4911065,4.500688,4.515072,4.5164123,4.5352464,4.5340266,4.5410113,4.552129,4.5578303,4.5857377,4.590863,4.607751,4.629528,4.637452,4.642654,4.652496,4.661972,4.6435027,4.676732,4.676095,4.6904793,4.7006493,4.709265,4.7094655,4.7084694,4.7254496,4.726375,4.713429,4.739073,4.7472935,4.7327185,4.7464247,4.749397,4.7568474,4.7576165,4.753698,4.743613,4.778069,4.7611623,4.7428827,4.7632713,4.7742443,4.755255,4.7677097,4.7814145,4.776809,4.7478843,4.7722025,4.7502317,4.7725816,4.747278,4.6977706,4.7551107,4.6664643,4.929954,5.129437,4.7808194,4.808207,4.8057623,4.8105597,4.7892547,4.7622933,4.7706428,4.8046403,4.845881,4.834543,4.8874874,4.8816404,4.8862123,4.8839693,4.8857574,4.895734,4.8807287,4.908529,4.905472,4.898778,4.910446,4.9082947,4.917805,4.948741,4.939298,4.943352,4.961124,4.9722958,4.99185,4.994665,4.9907813,4.993514,4.9978924,4.997336,4.9895816,4.990985,5.000646,5.004688,4.9995456,5.0041795,5.006049,5.018158,5.0170336,5.0178547,5.0402584,5.0488796,5.0573864,5.0402102,5.0569453,5.0601997,5.0590286,5.0679827,5.077233,5.096997,5.073504,5.0799117,5.099566,5.0955534,5.1103396,5.1355853,5.1280003,5.1076097,5.127716,5.10791,5.1381373,5.1262503,5.1273155,5.1379924,5.1440363,5.151166,5.136645,5.138316,5.1421413,5.138139,5.1538014,5.1437097,5.1325154,5.1482973,5.141765,5.1360803,5.1300993,5.1407385,5.1270466,5.137594,5.154346,5.1561527,5.1553483,5.17311,5.156667,5.1435547,5.1577587,5.1642694,5.1605573,5.158627,5.155231,5.167229,5.167924,5.1735926,5.1834493,5.1871214,5.160663,5.179409,5.1726923,5.170893,5.188416,5.18016,5.168277,5.181528,5.1749806,5.162315,5.1584215,5.1682863,5.1934886,5.173804,5.193773,5.1850038,5.2077403,5.198003,5.191964,5.2098117,5.2026267,5.2072163,5.192609,5.1965075,5.211101,5.2152,5.216092,5.2160025,5.2318926,5.214779,5.2240353,5.2437735,5.243025,5.2130475,5.2300997,5.238833,5.238664,5.2221346,5.23176,5.224656,5.2472334,5.244042,5.248495,5.249921,5.2406807,5.249558,5.251668,5.2497325,5.245961,5.243178,5.241225,5.262719,5.2502565,5.2312303,5.239098,5.2641625,5.286988,5.285893,5.2638807,5.2673845,5.2591786,5.2762265,5.2704177,5.27581,5.2836533,5.293579,5.2731347,5.2937026,5.279442,5.309918,5.285779,5.3065257,5.310384,5.291696,5.2912674,5.3078628,5.296307,5.308688,5.322918,5.293147,5.3256483,5.2880597,5.3311877,5.3247023,5.3268776,5.3295207,5.3042836,5.326688,5.3360953,5.3293552,5.331307,5.318164,5.3198986,5.3293066,5.325962,5.312808,5.33016,5.316083,5.3190207,,,,,,,,,,,,,,,,,,,,,,,,,,,,,,,,,,,,,,,,,
right,0.5774490000039805,5.1964326,5.186824,5.195026,5.2026944,5.2033525,5.210825,5.1873436,5.1858406,5.1802955,5.1871943,5.172815,5.1683064,5.18252,5.165503,5.183841,5.1832085,5.186562,5.1745114,5.1789656,5.1824036,5.191156,5.177435,5.1890883,5.189953,5.1776676,5.1905107,5.192416,5.1803055,5.1968994,5.199915,5.1930842,5.218268,5.215753,5.2049336,5.231585,5.22966,5.216685,5.2350225,5.2081385,5.220379,5.229822,5.259676,5.2232757,5.219037,5.234771,5.2586956,5.2338257,5.250683,5.2378693,5.249456,5.238321,5.198852,5.181389,5.173542,5.16165,5.1268597,5.116603,5.0870943,5.032494,5.0216856,5.020402,4.977715,4.949572,4.9481664,4.9057293,4.858821,4.8325224,4.8524785,4.799047,4.7876735,4.743372,4.740776,4.7188325,4.6933146,4.6902003,4.6394973,4.6132054,4.61102,4.593585,4.573752,4.5789313,4.554994,4.549958,4.528018,4.5100384,4.491871,4.5033646,4.4902844,4.473808,4.480561,4.4923315,4.4545846,4.4692183,4.453577,4.455214,4.449559,4.46255,4.45597,4.4311,4.458143,4.4225535,4.4416223,4.4226966,4.416647,4.442277,4.4645267,4.435595,4.4491444,4.449496,4.443336,4.4366727,4.4478855,4.451416,4.4354587,4.4517937,4.4493427,4.456121,4.4521475,4.4508166,4.4444413,4.446326,4.484815,4.4709196,4.4804826,4.51551,4.496967,4.54882,4.5286827,4.562065,4.562468,4.570524,4.5963683,4.571771,4.5808334,4.6128907,4.601933,4.6120195,4.61229,4.639817,4.6619334,4.674078,4.66014,4.6902075,4.6859803,4.694957,4.693842,4.7049336,4.719837,4.7494946,4.7595844,4.7417145,4.776379,4.7757072,4.771808,4.7940793,4.8221803,4.831586,4.8160915,4.8255143,4.8288536,4.8292356,4.8261805,4.8491263,4.8387675,4.847679,4.8410053,4.858296,4.866939,4.872933,4.8622756,4.8792853,4.8600087,4.8918924,4.895896,4.8847237,4.8889623,4.8943143,4.914524,4.892981,4.880658,4.915576,4.89659,4.7032633,5.026552,5.2715297,4.8488946,4.944382,4.9353786,4.9609385,4.9339,4.9258084,4.9085765,4.8965206,4.94912,4.996492,5.0115976,5.0335317,5.035529,5.048736,5.057036,5.052816,5.0595336,5.039117,5.0448165,5.052154,5.0444517,5.064489,5.0776453,5.0833545,5.0822926,5.0770984,5.0917296,5.0927,5.097957,5.114339,5.097919,5.0875072,5.1025577,5.1226263,5.130507,5.1238327,5.1185317,5.1381965,5.114102,5.142844,5.141874,5.1546702,5.1625586,5.1663036,5.155074,5.159046,5.184211,5.1757956,5.1771374,5.1752915,5.1687956,5.1886654,5.182967,5.2054687,5.1899204,5.1845593,5.18143,5.205173,5.196554,5.177962,5.193871,5.2202134,5.223994,5.2059407,5.2091975,5.204969,5.2209306,5.2023783,5.2139673,5.23645,5.2160845,5.207473,5.2299247,5.213164,5.2159257,5.217821,5.219014,5.2322254,5.2086406,5.2374945,5.2237654,5.223735,5.2406125,5.244973,5.1983423,5.230707,5.2145224,5.235927,5.2234488,5.2008433,5.230342,5.2271447,5.223753,5.2149715,5.2135415,5.2078147,5.195029,5.2064953,5.1886945,5.1997037,5.1961594,5.215044,5.2001586,5.201252,5.2010345,5.184382,5.190423,5.1930976,5.182855,5.1973844,5.205483,5.2004404,5.2038236,5.194824,5.179468,5.1806574,5.2021074,5.2086034,5.180097,5.1885433,5.1709156,5.200154,5.19579,5.189099,5.195052,5.1810946,5.176284,5.20022,5.1861944,5.1791916,5.1798205,5.202993,5.1961517,5.184812,5.1799135,5.18639,5.1707044,5.182137,5.181409,5.173611,5.177542,5.2013597,5.187724,5.2077537,5.180589,5.1825695,5.1881056,5.2027884,5.199013,5.1864586,5.2024336,5.209228,5.2055197,5.200619,5.212464,5.195467,5.2256083,5.205965,5.2106905,5.2119384,5.216531,5.223382,5.2247543,5.22297,5.2242775,5.233313,5.2394934,5.246354,5.229643,5.234041,5.2421083,5.2363214,5.2645316,5.246458,5.255791,5.2701926,5.241935,5.2650094,5.2825694,5.25248,5.2563524,5.2689376,5.2647867,5.278428,5.237821,5.242332,5.271387,5.2491674,5.2828746,5.2982435,5.2793283,,,,,,,,,,,,,,,,,,,,,,,,,,,,,,,,,,,,,,,,,,,,,,,,,,,,,,,
right,0.6521223000017926,4.5886846,4.569114,4.579449,4.5657654,4.579449,4.5814877,4.568246,4.5774493,4.5921197,4.5769157,4.583687,4.595258,4.5912285,4.6103354,4.5944514,4.5903835,4.59389,4.606315,4.601857,4.6151547,4.613877,4.6361375,4.6298227,4.653626,4.653023,4.6381984,4.6466985,4.64714,4.644329,4.6593328,4.6386147,4.6473184,4.6327333,4.65066,4.6398115,4.645591,4.672733,4.670104,4.6831155,4.6497984,4.6670203,4.6731763,4.6694174,4.683166,4.6957235,4.698991,4.686109,4.6880255,4.6746883,4.6655793,4.6801667,4.678064,4.632047,4.596808,4.610597,4.5712795,4.5587187,4.5488973,4.5033965,4.484889,4.476363,4.4508357,4.4331474,4.396596,4.3629384,4.2848682,4.2741294,4.259529,4.2334614,4.221827,4.218449,4.1738586,4.1619186,4.1055546,4.0975375,4.091632,4.089609,4.054602,4.0349197,4.0358996,4.022917,4.014478,4.0004687,4.013449,3.9870996,3.955929,3.8960497,3.9284987,3.930314,3.9199195,3.8934908,3.895693,3.8777294,3.862913,3.8636703,3.8598146,3.8703265,3.8586662,3.8739686,3.8374965,3.835949,3.856548,3.8761911,3.8679848,3.8573296,3.868142,3.8694723,3.865752,3.8535964,3.8716855,3.8767142,3.8582559,3.8888621,3.8631368,3.8692849,3.8941882,3.9015307,3.928933,3.9214783,3.9108067,3.9620683,3.9845672,3.9679239,3.972072,3.9971666,3.998692,4.025349,3.9983516,4.002932,4.0275574,4.0385547,4.0509295,4.0410867,4.048272,4.0632873,4.0754657,4.081971,4.084841,4.067213,4.112264,4.1058955,4.1024466,4.1249638,4.1228266,4.1370554,4.135325,4.160478,4.170478,4.206543,4.2164664,4.2197614,4.2492023,4.239951,4.2522244,4.2655134,4.2553153,4.271113,4.2949204,4.2697415,4.299027,4.3012238,4.301096,4.292035,4.2944546,4.3001137,4.315825,4.322485,4.2979636,4.3031726,4.2975893,4.300803,4.2748146,4.2761106,4.2943864,4.244623,4.2491946,4.237703,4.2702684,4.2440867,4.2607436,4.2297077,4.2199926,4.225554,4.233712,4.2108254,4.2397785,4.243378,4.2290654,4.224629,4.1251945,4.1938047,4.1686773,4.0661335,4.3826046,4.415497,4.4922867,4.304398,4.2906837,4.2647724,4.2358966,4.237096,4.203172,4.2161407,4.30308,4.3302956,4.3327093,4.3106437,4.3486047,4.3598666,4.344122,4.3287168,4.3654833,4.3649907,4.349722,4.3635955,4.3714314,4.396426,4.3827057,4.380189,4.397965,4.409035,4.396078,4.4052854,4.382692,4.401201,4.3989663,4.4169984,4.416003,4.4188595,4.4261804,4.4282866,4.425899,4.4274936,4.44369,4.436503,4.425932,4.4546003,4.4308877,4.4316792,4.438422,4.442826,4.463904,4.467035,4.466717,4.4675417,4.4775243,4.459745,4.486496,4.469479,4.4700646,4.49581,4.4986906,4.5096498,4.48826,4.513231,4.4870386,4.504288,4.4903316,4.492005,4.5141134,4.528321,4.5356283,4.5246277,4.521221,4.525303,4.50222,4.5316753,4.529445,4.5285,4.5091763,4.519778,4.512672,4.517739,4.5105176,4.5133224,4.5079556,4.501633,4.493834,4.490091,4.484845,4.5053163,4.464592,4.4828744,4.470907,4.501024,4.4604855,4.4603214,4.4751334,4.4498343,4.4373655,4.4389515,4.4401784,4.446467,4.4246044,4.4298463,4.418815,4.433031,4.434919,4.4321036,4.4153953,4.401453,4.415902,4.4097934,4.4144726,4.4451656,4.445747,4.4148784,4.4205475,4.4226847,4.4202414,4.417365,4.400929,4.3929605,4.42616,4.423999,4.4191256,4.4429765,4.451748,4.412806,4.447698,4.4367642,4.4586744,4.430615,4.4267254,4.4415593,4.4432416,4.480768,4.457968,4.4324956,4.4540133,4.431546,4.45521,4.480074,4.424737,4.4531183,4.4829736,4.4816694,4.4543333,4.4870024,4.4630733,4.4491944,4.456441,4.448867,4.4664793,4.4593525,4.46868,4.4719186,4.4616003,4.4658127,4.4623775,4.4590235,4.4161053,4.4493556,4.448301,4.44725,4.4405437,4.454915,4.43974,4.45153,4.4493484,4.4394712,4.450764,4.454425,4.43945,4.450462,4.446834,4.423101,4.451423,4.4414363,4.438961,4.4340005,4.435149,4.442417,4.447089,4.4311247,4.449564,4.4328203,4.4478226,,,,,,,,,,,,,,,,,,,,,,,,,,,,,,,,,,,,,,,,,,,,,,,,,,,,,
right,0.6485469000181183,4.967267,4.938157,4.9464135,4.9488397,4.9553146,4.9535246,4.930554,4.909566,4.9403334,4.917034,4.923043,4.913854,4.904835,4.9242477,4.90164,4.9302573,4.9075074,4.924727,4.8918343,4.899737,4.917977,4.9039617,4.919449,4.888803,4.903205,4.9128056,4.927984,4.9325056,4.9531207,4.939566,4.936895,4.934343,4.937141,4.9447126,4.9549932,4.9631968,4.959283,4.954205,4.9635477,4.966677,4.973376,4.9604917,4.9707007,4.9788346,4.9748483,4.976486,4.961539,4.9771705,4.9813213,4.9827724,4.9716744,4.968327,4.9597664,4.956405,4.962812,4.92183,4.915483,4.900036,4.889876,4.8681445,4.8137984,4.7949185,4.777506,4.7669716,4.752218,4.6989093,4.6893067,4.654563,4.640423,4.6472297,4.5945954,4.581285,4.5447483,4.524785,4.526759,4.4821367,4.472015,4.420165,4.411945,4.400311,4.711095,4.1882167,4.25478,4.207226,4.2024927,4.197424,4.2357984,4.2659564,4.2655144,4.26126,4.2672887,4.2541428,4.250468,4.2359366,4.2603073,4.2612786,4.293832,4.27643,4.2961216,4.284558,4.280579,4.2717643,4.294612,4.2878976,4.2817364,4.3112254,4.3075476,4.310435,4.334438,4.3417,4.341555,4.400707,4.3558307,4.3936925,4.3964405,4.412162,4.4369555,4.463917,4.4441295,4.470094,4.489677,4.4833903,4.497091,4.498132,4.4816875,4.5016522,4.5186167,4.506483,4.5305753,4.535273,4.568203,4.5837135,4.569224,4.5951543,4.613177,4.597153,4.587622,4.650498,4.6634097,4.656669,4.662508,4.655931,4.675173,4.6775184,4.683243,4.7080746,4.70105,4.7004905,4.7033453,4.727232,4.7251515,4.7238107,4.715827,4.723138,4.7183957,4.707301,4.7243724,4.7117734,4.704579,4.714242,4.708547,4.713349,4.705423,4.683943,4.705095,4.7086906,4.666359,4.6939936,4.6708746,4.680743,4.6600924,4.6660843,4.6807275,4.6723766,4.681067,4.6749907,4.7067876,4.691406,4.6747665,4.6977053,4.695151,4.6857853,4.6593084,4.6326137,4.6046767,4.6492033,4.4298363,3.9510467,4.341766,4.8859677,4.7933493,4.9092393,5.102816,5.0129285,5.0775805,4.9823136,4.7650146,4.7832494,4.7642536,4.754555,4.7840457,4.744062,4.762724,4.7676506,4.7414603,4.764538,4.789799,4.7798586,4.8082156,4.8283086,4.8318777,4.8695316,4.8146696,4.832228,4.8515553,4.865426,4.886166,4.8547854,4.8524785,4.87384,4.8886104,4.878401,4.900467,4.9023004,4.9012113,4.8943176,4.900734,4.9111185,4.9117208,4.9001164,4.9137306,4.9158807,4.9135814,4.9169292,4.920998,4.9155397,4.917133,4.915489,4.917746,4.915226,4.924123,4.9347916,4.931499,4.945122,4.9422674,4.959462,4.9688077,4.9992476,4.964058,4.977291,4.988922,4.963038,4.9616723,4.9744887,4.9483304,4.9711494,4.964006,4.974751,4.9935856,4.979171,4.9516864,4.970078,4.975728,4.9645543,4.9579434,4.956133,4.9618344,4.9541225,4.952608,4.9450336,4.938257,4.9559317,4.95143,4.9484444,4.9444118,4.9551272,4.9474316,4.9577637,4.9371505,4.932286,4.9355803,4.939271,4.935152,4.9505386,4.926231,4.934234,4.909686,4.918024,4.953077,4.9184265,4.9338627,4.9337015,4.9205627,4.918106,4.9140296,4.9302044,4.9334273,4.917608,4.922643,4.9371376,4.9210534,4.9260535,4.93125,4.932628,4.9183917,4.927727,4.928025,4.920426,4.9220543,4.932393,4.9346433,4.9197183,4.9368887,4.9360404,4.929048,4.9349656,4.9325395,4.9186,4.935432,4.923934,4.9310913,4.9253387,4.946733,4.928591,4.937451,4.924206,4.9330816,4.9556937,4.923483,4.961357,4.9582915,4.95246,4.965649,4.9354615,4.9492764,4.959189,4.9571314,4.962251,4.974211,4.9748497,4.963453,5.002388,4.9655404,4.984702,5.014323,5.007295,4.996586,4.9901276,4.9726954,5.016796,4.9904423,5.015694,5.030677,5.026198,5.008933,5.0217085,5.005601,5.0316043,5.0064726,5.017857,5.0309677,5.0176864,5.0408998,5.03517,5.0467687,5.0225296,5.024267,5.0293927,5.0360065,5.02596,5.0266843,5.0316796,5.02855,5.0462623,5.0304875,,,,,,,,,,,,,,,,,,,,,,,,,,,,,,,,,,,,,,,,,,,,,,,,,,,,,,,,
right,0.6290469999948982,4.6200056,4.618,4.6377826,4.619648,4.6170826,4.5984225,4.646878,4.617975,4.6432204,4.620726,4.6440225,4.6525335,4.620238,4.6386504,4.6602116,4.641519,4.6355414,4.643917,4.650668,4.626685,4.6391764,4.6119885,4.6427355,4.633529,4.6641674,4.6450334,4.6489363,4.641112,4.653262,4.651342,4.6466284,4.6643286,4.6520996,4.6597905,4.6496143,4.6629868,4.650704,4.6485004,4.6661067,4.6654673,4.6513777,4.669932,4.682831,4.6948776,4.66821,4.685337,4.695436,4.6895113,4.7181435,4.681078,4.695379,4.679191,4.6725187,4.69188,4.6656785,4.651175,4.6355033,4.62005,4.6093802,4.565253,4.5380383,4.511506,4.4931936,4.4857774,4.4607873,4.414961,4.3740153,4.370212,4.3529825,4.3316007,4.282069,4.254858,4.239107,4.212643,4.2410517,4.218992,4.191112,4.194547,4.1351905,4.1423254,4.1604223,4.155643,4.136353,4.070501,4.0781994,4.0773892,4.064717,4.0371957,4.033458,4.014848,4.0352874,4.0301976,4.0198655,4.0127206,4.011707,4.012258,4.0152955,4.0036693,4.0051646,4.01405,4.006566,4.008332,4.012011,4.018487,4.020925,4.019454,4.0034122,4.013656,4.0120807,4.0252514,4.025778,4.0338182,4.031818,4.0401773,4.0799413,4.09628,4.0763755,4.0988994,4.104223,4.127906,4.152879,4.143825,4.154202,4.162137,4.176341,4.1924734,4.18483,4.181939,4.194483,4.190901,4.2179704,4.231323,4.2291284,4.243852,4.25713,4.2655697,4.272511,4.279806,4.2916656,4.3159175,4.2872076,4.3444734,4.361282,4.352464,4.392662,4.3967247,4.3904967,4.4132185,4.40242,4.415787,4.423095,4.4258714,4.4541698,4.438405,4.4384093,4.45817,4.458824,4.473088,4.463586,4.4687,4.466786,4.5058484,4.5063825,4.470749,4.407771,4.4468107,4.2593946,4.3919115,4.3881717,4.4333034,4.4679976,4.476527,4.466016,4.458126,4.392258,4.543719,4.4331307,4.439466,4.4729567,4.4909177,4.4752226,4.481929,4.4829,4.481621,4.4732523,4.457061,4.475979,4.475019,4.499527,4.481231,4.501552,4.502855,4.5116973,4.518663,4.520075,4.5098295,4.5278363,4.5140243,4.5261717,4.5322485,4.5266933,4.5214686,4.5483017,4.560077,4.563048,4.549256,4.5726576,4.592935,4.5776086,4.5887036,4.616021,4.6071258,4.6157,4.624485,4.6162295,4.6216445,4.640079,4.647829,4.6585226,4.676574,4.6728506,4.6751056,4.6847396,4.678388,4.6879783,4.6970177,4.7039986,4.700391,4.730262,4.7094097,4.729516,4.711206,4.7270627,4.717149,4.720326,4.7316217,4.7292266,4.7305727,4.7328687,4.702915,4.7296815,4.740072,4.740792,4.70713,4.7319384,4.701567,4.7101803,4.723124,4.704576,4.6962748,4.7225447,4.708862,4.67713,4.7050567,4.685508,4.6968684,4.6737676,4.6739407,4.681906,4.6855016,4.6719646,4.6741385,4.6284084,4.6471214,4.632601,4.618418,4.6392946,4.6352773,4.6084375,4.644776,4.629088,4.6327496,4.6051664,4.5963655,4.6262217,4.632823,4.5983553,4.606808,4.5982566,4.605764,4.6192555,4.608098,4.6199083,4.596103,4.632074,4.625925,4.6302166,4.6293316,4.642378,4.6137486,4.6343164,4.646576,4.6392555,4.6542544,4.6525617,4.632179,4.648978,4.638442,4.648392,4.6702366,4.6619887,4.65855,4.7085304,4.6748915,4.691448,4.6692147,4.6733766,4.690137,4.6933875,4.676327,4.7179403,4.723903,4.713696,4.710685,4.729554,4.7297225,4.7231517,4.7149124,4.7286425,4.7199583,4.753166,4.7546983,4.7208953,4.749389,4.7270584,4.741907,4.7600136,4.741249,4.7606506,4.7583113,4.735966,4.764641,4.756725,4.7626395,4.757074,4.768354,4.78831,4.781767,4.7839103,4.758013,4.791318,4.777584,4.7743263,4.7515574,4.779901,4.8180084,4.8006086,4.794586,4.8192058,4.793705,4.771904,4.795992,4.7900977,4.7873716,4.811327,4.817211,4.7986093,4.799314,4.772112,4.8140216,4.7893696,4.823238,4.8210673,4.7937727,4.798073,,,,,,,,,,,,,,,,,,,,,,,,,,,,,,,,,,,,,,,,,,,,,,,,,,,,,,,,,,,,,,,,,,
right,0.6940961000218522,5.096201,5.059647,5.0829363,5.0701256,5.065877,5.065942,5.0962076,5.0897985,5.082934,5.0564046,5.067077,5.059327,5.08858,5.088811,5.074875,5.0817685,5.074361,5.078859,5.075744,5.1122584,5.080801,5.113641,5.1193504,5.101772,5.108028,5.108671,5.1112604,5.1151166,5.1388063,5.129168,5.1509953,5.1338596,5.1589966,5.143355,5.15075,5.1420445,5.149382,5.177709,5.163808,5.1953864,5.18942,5.181595,5.1864057,5.197531,5.190909,5.1953435,5.205534,5.2073383,5.198375,5.2151704,5.193422,5.1785784,5.1437006,5.1629543,5.1391244,5.102866,5.0955715,5.0826855,5.0637264,5.0401845,5.0225754,4.9845605,4.948369,4.942438,4.911659,4.878654,4.841184,4.8260117,4.80675,4.7958364,4.766208,4.754293,4.7355933,4.7084975,4.6703424,4.6354456,4.6071177,4.581805,4.56387,4.5608144,4.564896,4.531386,4.5246935,4.522284,4.493795,4.4921794,4.4710903,4.448408,4.477936,4.441708,4.4237685,4.4188395,4.40111,4.3899546,4.3835316,4.372291,4.37468,4.36541,4.35698,4.3553414,4.345109,4.34185,4.3562284,4.3341126,4.3184977,4.3282523,4.337933,4.35449,4.341236,4.3454647,4.330618,4.3442554,4.3363705,4.345278,4.3265834,4.3316383,4.339325,4.3500047,4.3487134,4.357179,4.3584704,4.3559523,4.3418865,4.3500543,4.376367,4.373667,4.3787675,4.4050145,4.389911,4.4233255,4.432161,4.424965,4.4465175,4.462737,4.4748964,4.4714518,4.464705,4.479943,4.506203,4.5142508,4.5031314,4.5158815,4.524014,4.5272703,4.5473223,4.5825334,4.569305,4.5538244,4.588483,4.5920796,4.5968633,4.6189804,4.6177287,4.619005,4.6178613,4.6218104,4.644735,4.6725874,4.672498,4.665157,4.6971245,4.7075276,4.725879,4.729124,4.735428,4.743482,4.747763,4.740548,4.746101,4.7497525,4.761913,4.7446957,4.7651334,4.7546606,4.7556267,4.763838,4.7631907,4.782186,4.7717657,4.7992177,4.7981715,4.780261,4.794363,4.8230867,4.777923,4.797446,4.796039,4.8114305,4.7895346,4.7714996,4.7803297,4.7463794,4.645742,4.11116,4.8523464,4.838186,4.8022437,4.819048,4.818401,4.7919154,4.7504907,4.7688947,4.814986,4.830352,4.834297,4.8437037,4.8351917,4.890085,4.9062552,4.8874884,4.89726,4.891482,4.896336,4.8833065,4.8907576,4.8985248,4.911767,4.909582,4.8952594,4.8952637,4.9291778,4.916917,4.928046,4.909956,4.924458,4.924838,4.9220243,4.923522,4.939835,4.966376,4.9694552,4.989261,4.9572573,5.002478,5.0057645,4.9957733,5.012696,5.017312,5.02193,5.0120964,5.001459,5.0068026,5.0245547,5.0369525,5.0405974,5.0231595,5.033804,5.022543,5.0110354,5.025128,5.050301,5.0163035,5.0420423,5.040993,5.0376253,5.041133,5.054328,5.052643,5.0447083,5.0085225,5.020095,5.0308914,5.014801,5.042263,5.046453,5.033079,5.0213256,5.0203567,5.0277877,5.031184,5.062255,5.048485,5.040649,5.036816,5.020005,5.031112,5.0242457,5.0179095,5.005305,4.999087,5.0302043,5.025879,5.0176272,4.9851027,5.013099,5.0201254,5.011108,5.0146766,5.00284,4.99845,5.015886,4.998328,5.0132174,5.0292215,5.024715,5.0088534,4.9945297,4.995417,4.880353,4.900341,4.883879,4.898786,4.8857975,4.8924055,4.895085,4.888723,4.887088,4.900954,4.9059653,4.88254,4.902704,4.893005,4.903132,4.9089913,4.916375,4.9124913,4.919114,4.9115443,4.9160995,4.9148593,4.914823,4.9059086,4.9242573,4.921385,4.9358087,4.9202824,4.9106708,4.9330473,4.931265,4.949539,4.9373035,4.9548116,4.9535246,4.958137,4.974212,4.9540796,4.977582,4.9577217,4.9501104,4.966443,4.936213,4.973504,4.9708824,4.948536,4.9601216,4.9445453,4.9465046,4.95466,4.921853,4.9484835,4.9497485,4.964435,4.9496365,4.952193,4.950525,4.9702573,4.953902,4.9659443,4.9433527,4.9481673,4.9434814,4.9624176,4.9586844,4.9628415,4.9388523,4.9595838,4.973046,5.0069256,4.9572463,4.9582267,4.9766564,4.9605455,4.9785566,4.9582696,4.9659758,4.953108,4.9540887,4.9468246,4.9629197,4.9628215,4.983172,4.9850183,4.957871,,,,,,,,,,,,,,,,,,,,,,,,,,,,,,,,,,,,,,,,,,,,,,,,
right,0.6533645000017714,4.526263,4.524927,4.5438,4.5058045,4.5226417,4.529917,4.5122757,4.53449,4.5224476,4.5293374,4.525118,4.530012,4.534433,4.5294204,4.541866,4.5292926,4.5453205,4.566073,4.5455294,4.5617485,4.5636,4.5628805,4.5519743,4.561298,4.5715637,4.554755,4.5672407,4.579121,4.598693,4.6000414,4.612857,4.5750136,4.5953393,4.589937,4.6062355,4.594021,4.607341,4.6084895,4.616605,4.6134663,4.6200356,4.625454,4.614228,4.614143,4.659083,4.6386294,4.650994,4.648584,4.626332,4.6256895,4.618198,4.6147437,4.5986996,4.6059303,4.567626,4.5464816,4.535492,4.5123935,4.498228,4.4369583,4.4361997,4.412389,4.389417,4.363418,4.3337255,4.3244977,4.3127203,4.2765164,4.2531047,4.2124376,4.168697,4.1745834,4.154333,4.1287947,4.1150236,4.114253,4.089341,4.0717154,4.0633044,4.0545,4.020018,4.0300784,4.037534,4.0087037,3.9866128,3.9576468,3.943518,3.9304187,3.9220567,3.9163828,3.8997788,3.9214184,3.8934505,3.8975558,3.888071,3.894191,3.9124753,3.863492,3.8911846,3.8896677,3.8812237,3.8676665,3.887934,3.8713582,3.870933,3.876918,3.8638604,3.86137,3.8622854,3.8829465,3.8754292,3.8783886,3.8956275,3.8827388,3.883042,3.8886142,3.8949916,3.9119422,3.9128976,3.927821,3.9324586,3.9309103,3.9239395,3.947079,3.9488966,3.9649854,3.964425,3.9614387,3.973938,4.0068808,3.9796205,4.0428686,4.0321894,4.0478444,4.06168,4.0527487,4.058987,4.055723,4.0737543,4.066064,4.104152,4.0951376,4.121147,4.114736,4.129629,4.133065,4.150966,4.1322837,4.136879,4.147565,4.175413,4.1512175,4.200305,4.1740675,4.2126303,4.1947474,4.214802,4.20721,4.228483,4.204364,4.234359,4.231998,4.235344,4.2318997,4.239726,4.263966,4.2855763,4.2734914,4.282302,4.2942457,4.274937,4.2840366,4.2719526,4.2817807,4.264778,4.2699485,4.2528086,4.250591,4.2617087,4.2663574,4.264159,4.2761993,4.257842,4.256431,4.2673783,4.2592444,4.264144,4.2679076,4.2602553,4.2658367,4.253373,4.2827067,4.273797,4.250613,4.2619615,4.284136,4.011443,2.8316436,3.0057006,4.377911,4.6068754,4.2226014,4.258539,4.2744546,4.3038945,4.2953587,4.278311,4.266956,4.267724,4.293721,4.3166847,4.314015,4.332392,4.3546767,4.3634253,4.363475,4.3806067,4.399103,4.3970785,4.3917713,4.410903,4.417442,4.4162726,4.414252,4.420375,4.4251165,4.4325843,4.426031,4.4505296,4.4220567,4.433733,4.4377093,4.440062,4.445749,4.4588647,4.4596806,4.466563,4.454256,4.4712343,4.48384,4.4816175,4.4865446,4.480199,4.4668064,4.502514,4.4953747,4.4921346,4.496067,4.502805,4.5079303,4.5267205,4.523422,4.525612,4.5115714,4.534643,4.5253906,4.548974,4.5492034,4.539566,4.5785537,4.559369,4.569271,4.5653753,4.570027,4.5398088,4.5807395,4.5875573,4.562914,4.5624824,4.583677,4.5821085,4.5593934,4.5960717,4.5716476,4.5516205,4.571405,4.5623727,4.5699673,4.5660267,4.56673,4.562264,4.5669518,4.573577,4.576162,4.5809107,4.5754585,4.582171,4.569,4.573525,4.579295,4.584394,4.5796537,4.579118,4.578691,4.5646334,4.581696,4.5644107,4.5763183,4.5658736,4.570091,4.5666265,4.5512295,4.564402,4.5543346,4.5586605,4.564483,4.566429,4.5623255,4.580252,4.5749927,4.6062593,4.580246,4.5726457,4.5930395,4.5979385,4.6007743,4.592334,4.600691,4.6013455,4.5993366,4.602883,4.602038,4.598567,4.602206,4.6056867,4.5960913,4.611067,4.6113896,4.6222143,4.6128187,4.6233077,4.6079607,4.6569314,4.64298,4.619238,4.642425,4.6310906,4.6214747,4.6503158,4.6348653,4.6581583,4.6558337,4.6631308,4.657546,4.6561394,4.6384206,4.6573734,4.662331,4.6628942,4.67354,4.674995,4.687562,4.6730146,4.68325,4.68085,4.681823,4.68116,4.6797137,4.6797395,4.6843567,4.682718,4.689624,4.682898,4.692822,4.688249,4.68358,4.6930184,4.673691,4.6881614,4.697113,4.6959586,4.691343,4.6873918,4.6998982,4.699804,4.7110825,4.7036786,4.6960735,4.691773,4.710972,4.701722,4.70523,4.7096195,4.7063293,4.710787,4.7175636,4.714797,4.7332296,4.7309923,4.717293,,,,,,,,,,,,,,,,,,,,,,,,,,,,,,,,,,,,,,,,,
right,0.5791390000085812,4.389634,4.3721886,4.3813205,4.3922462,4.382205,4.379629,4.3791413,4.3901863,4.3713465,4.368017,4.346834,4.358748,4.365754,4.3511834,4.361206,4.3796024,4.3709774,4.3561273,4.3703876,4.383238,4.360422,4.358177,4.376113,4.3750834,4.3805633,4.3584843,4.3915024,4.372818,4.360914,4.372768,4.3683953,4.3759227,4.3838797,4.3941684,4.3802443,4.3971987,4.374952,4.3869805,4.401828,4.3938837,4.406919,4.427983,4.4240093,4.407046,4.413063,4.4290156,4.429643,4.41639,4.4240074,4.430302,4.4196396,4.410972,4.4096484,4.4028425,4.380271,4.3935666,4.356245,4.3492684,4.326478,4.2833147,4.2701783,4.2478633,4.205336,4.162176,4.152156,4.116355,4.1278663,4.1010394,4.0597053,4.058829,4.0091667,3.9756927,3.9546285,3.922686,3.9223459,3.9118707,3.889147,3.8691974,3.840699,3.8269339,3.8225076,3.8022778,3.8092587,3.807254,3.7942045,3.7852085,3.7654428,3.7468343,3.7448046,3.743324,3.7072237,3.7162414,3.7196004,3.7091832,3.699149,3.6992235,3.697498,3.6951008,3.6856503,3.6876688,3.6815963,3.671157,3.6800654,3.6906133,3.6952012,3.6724887,3.6713486,3.684023,3.6644077,3.6795254,3.6652539,3.6729553,3.6781633,3.6740396,3.688353,3.6722436,3.6879315,3.6923323,3.7015877,3.6883254,3.7065783,3.6897333,3.7208955,3.7307174,3.7194526,3.7411869,3.734041,3.7459984,3.7658777,3.7719617,3.7702045,3.762376,3.7675729,3.7851126,3.7635615,3.7962298,3.8135827,3.8239038,3.8470778,3.8432903,3.8461745,3.871832,3.867142,3.8784616,3.893456,3.9157622,3.9247851,3.9538145,3.9441507,3.961857,3.9837136,3.993559,3.9890022,3.999575,3.9992933,4.0100284,4.017784,4.0292263,4.0267653,4.0324554,4.039379,4.027429,4.0367484,4.026225,4.0436306,4.045728,4.0264797,4.0418158,4.047329,4.027365,4.0461655,4.0277486,4.052193,4.060395,4.0608225,4.0651526,4.0503626,4.0771794,4.0503416,4.05001,4.054544,4.0340605,4.0152617,3.9890323,2.9844186,4.150882,4.0823736,4.3763313,4.322838,4.4463873,4.0846195,4.140148,4.1287584,4.116634,4.1031284,4.0870028,4.236798,4.185467,4.199275,4.219179,4.2152944,4.2271695,4.226336,4.2824492,4.2448254,4.2874866,4.2833037,4.2563157,4.268811,4.285651,4.296653,4.283099,4.269439,4.2741184,4.2935004,4.284647,4.280752,4.2839184,4.2966595,4.2992754,4.3034673,4.300626,4.2853513,4.307327,4.2960663,4.3087234,4.3221283,4.294383,4.3153887,4.3327355,4.327421,4.3459015,4.316815,4.3558917,4.3432865,4.333957,4.3465443,4.3632293,4.3277473,4.3531275,4.373535,4.387836,4.380483,4.3952675,4.419193,4.389326,4.410219,4.4156346,4.3792677,4.4126077,4.387741,4.388276,4.3921404,4.3853784,4.404529,4.383882,4.3946447,4.3963943,4.390941,4.3909593,4.388865,4.40384,4.3947897,4.385289,4.376087,4.3861437,4.3673153,4.374396,4.356558,4.3508663,4.338151,4.353426,4.328334,4.331972,4.3195286,4.3013077,4.2928767,4.2860017,4.2689223,4.290701,4.257764,4.2659807,4.277459,4.262907,4.269819,4.251712,4.2564383,4.2632384,4.2642794,4.262629,4.248572,4.253947,4.248132,4.2421145,4.2556767,4.2316556,4.252265,4.267037,4.2627425,4.248031,4.2470875,4.2364707,4.2426925,4.252109,4.2493777,4.257294,4.2607975,4.252376,4.247501,4.2394648,4.2488084,4.26238,4.2571573,4.2535133,4.243226,4.2503314,4.254034,4.243755,4.250293,4.2583127,4.2416954,4.248952,4.239395,4.245153,4.25391,4.264581,4.265424,4.266397,4.24451,4.246337,4.253967,4.2552958,4.2418513,4.253032,4.2687774,4.246952,4.2633157,4.256214,4.2757897,4.298023,4.269071,4.2975187,4.292021,4.2952385,4.297822,4.2772326,4.305291,4.2963233,4.2848663,4.310292,4.314621,4.292136,4.317298,4.3192897,4.3242717,4.340546,4.320511,4.3259025,4.3150697,4.322373,4.323126,4.316763,4.324423,4.3456235,4.3271766,4.325029,4.339384,4.3430376,4.331199,4.3590655,4.344508,,,,,,,,,,,,,,,,,,,,,,,,,,,,,,,,,,,,,,,,,,,,,,,,,,,,,,,,,,,,
right,1.347382200008724,4.3593307,4.3810925,4.3754935,4.385329,4.3557596,4.351149,4.395858,4.3826346,4.355407,4.371016,4.3524537,4.3595734,4.3752522,4.353986,4.3875294,4.3578715,4.3859587,4.3727827,4.384418,4.3649454,4.367603,4.381734,4.382402,4.384063,4.377266,4.3805604,4.388115,4.3827047,4.3863277,4.3926387,4.368847,4.4150734,4.375906,4.3812537,4.3999815,4.392817,4.399613,4.393302,4.408929,4.412264,4.39759,4.397751,4.3963194,4.407946,4.4070344,4.4169846,4.400988,4.406639,4.3887177,4.3839893,4.3913364,4.3830423,4.354322,4.3245397,4.276712,4.266323,4.257394,4.249191,4.208723,4.205338,4.2012067,4.164471,4.1365013,4.1079216,4.046106,4.037718,4.0162845,4.0006056,3.9654102,3.9471982,3.9197037,3.9024937,3.909942,3.8767407,3.8552415,3.849159,3.8188245,3.8127418,3.8067033,3.762358,3.7655694,3.7435899,3.7255373,3.7247806,3.7006493,3.7081447,3.70654,3.700538,3.7040334,3.7037961,3.6877058,3.6915264,3.6781518,3.6874695,3.674513,3.6827352,3.6571715,3.6567817,3.668864,3.6694908,3.6776228,3.6764219,3.652386,3.6743755,3.6619759,3.64997,3.6750345,3.6606514,3.6321507,3.6458375,3.625098,3.6105385,3.6827166,3.7484167,3.3702614,4.2116876,4.2342763,4.26386,4.2639832,4.320351,4.2739797,4.25256,4.257563,4.2780547,4.2658596,4.2750173,4.26475,4.2691636,4.292148,4.294607,4.291706,4.291612,4.301032,4.321687,4.3486753,4.31887,4.316939,4.3429537,4.3351483,4.3385115,4.325169,4.3422017,4.3370767,4.3463454,4.35822,4.3534803,4.37225,4.3480544,4.3770742,4.3841877,4.384987,4.3740287,4.3925047,4.3695602,4.3789873,4.385455,4.366958,4.389664,4.383815,4.3793864,4.3823795,4.359997,4.3685207,4.371168,4.3629827,4.3673143,4.393587,4.3410544,4.336609,4.3481326,4.3127236,4.2906303,4.321492,4.3181863,4.3111963,4.3253236,4.345109,4.3170934,4.304034,4.2847342,4.3094807,4.2618504,4.28084,4.3008513,4.2771373,4.2597203,4.2743564,4.267806,4.295554,4.2698917,4.1964316,4.1898685,4.181765,4.1985483,4.18181,4.188101,4.163719,4.1479406,4.1263127,4.1287594,4.187158,4.2958894,4.182419,4.1616616,4.31158,4.270097,4.268427,4.230971,4.2720795,4.2931385,4.3094506,4.3277116,4.331989,4.323232,4.3477283,4.332276,4.3398657,4.336676,4.322249,4.3623204,4.3746033,4.352302,4.3939366,4.3752747,4.3768196,4.386083,4.411662,4.4004035,4.408126,4.41769,4.4182334,4.405698,4.4170995,4.4003882,4.412476,4.4131517,4.4447303,4.438846,4.4504495,4.4483094,4.4505577,4.431062,4.4809427,4.464883,4.4637628,4.4900513,4.472749,4.507567,4.5058594,4.4905834,4.516408,4.49847,4.5123467,4.527062,4.5192266,4.5125637,4.510282,4.5390353,4.5428705,4.5459733,4.545244,4.554243,4.5470114,4.568408,4.5682383,4.5570016,4.5559645,4.5515637,4.5598774,4.573934,4.5616064,4.5531964,4.547228,4.5806746,4.584646,4.5681863,4.56372,4.555549,4.5606174,4.570954,4.5616245,4.559867,4.570081,4.567298,4.56228,4.554396,4.560817,4.5713983,4.5581093,4.565859,4.564897,4.5733275,4.545919,4.5908284,4.569713,4.5508866,4.563505,4.558328,4.579521,4.561902,4.579447,4.561948,4.5772104,4.5615554,4.585164,4.5777655,4.578156,4.560505,4.5528083,4.606836,4.5911546,4.594151,4.5677357,4.573918,4.5619254,4.5649667,4.597284,4.5878606,4.5638947,4.5744586,4.6062565,4.550557,4.5554233,4.580436,4.5748034,4.559694,4.573637,4.579094,4.5801344,4.598012,4.593212,4.617801,4.6069083,4.5902076,4.617165,4.6065416,4.6278625,4.6104927,4.618393,4.6177573,4.6337852,4.6394687,4.6268954,4.6288867,4.636904,4.6457267,4.634216,4.6327343,4.6362095,4.620027,4.6382675,4.631997,4.634785,4.64307,4.6475854,4.641412,4.6325026,4.6264243,,,,,,,,,,,,,,,,,,,,,,,,,,,,,,,,,,,,,,,,,,,,,,,,,,,,,,,,,,,,,,,,,,,,,,,,,
right,0.7567414999939501,4.4145236,4.377348,4.3985095,4.4110994,4.4326434,4.4188185,4.4514103,4.4227595,4.410994,4.415261,4.4128294,4.4070163,4.4201546,4.419698,4.4042344,4.4066525,4.4105806,4.4393597,4.417352,4.427224,4.4516597,4.4454956,4.4304295,4.451292,4.446933,4.4649463,4.4754543,4.486395,4.4819913,4.495617,4.466878,4.471777,4.525092,4.520072,4.538737,4.5383735,4.5305457,4.532749,4.550826,4.5522623,4.567337,4.5658965,4.5527067,4.5652432,4.571036,4.5667405,4.5681257,4.5594893,4.5733852,4.5669856,4.568016,4.5594845,4.5484853,4.5524335,4.503519,4.482591,4.456302,4.4492607,4.4165416,4.387068,4.3803906,4.336419,4.2759514,4.251122,4.21761,4.206105,4.2024884,4.167601,4.124596,4.0914717,4.0951324,4.043317,4.035365,4.0285454,4.0072,3.9811776,3.9986372,3.9554372,3.938911,3.9322355,3.9106982,3.8860726,3.906523,3.8514366,3.8567157,3.8480864,3.8424532,3.8480983,3.8492844,3.8491046,3.83952,3.837069,3.8329406,3.7951243,3.795249,3.781615,3.80369,3.8126447,3.8242664,3.7920265,3.8100848,3.7900972,3.7890959,3.783074,3.7968621,3.7846127,3.803193,3.8180542,3.8066056,3.8099518,3.8046207,3.8515851,3.8630507,3.8399785,3.8476815,3.837335,3.8563485,3.8526292,3.8526282,3.861812,3.8721657,3.888536,3.87946,3.898314,3.9019215,3.9059181,3.8990712,3.8969228,3.8971357,3.9140015,3.9304132,3.9162612,3.95448,3.95963,3.98167,3.9808993,3.9896429,4.0250936,4.0239406,4.036968,4.0322294,4.058173,4.0639696,4.092563,4.0731316,4.10789,4.089449,4.1165366,4.130918,4.109389,4.1511383,4.164484,4.170989,4.177674,4.174659,4.191701,4.197954,4.209946,4.214801,4.2012057,4.2123585,4.2757335,4.273633,4.2615786,4.3094506,4.2984643,4.3358088,4.3288593,4.358955,4.3661575,4.3724375,4.3879776,4.3802996,4.3693604,4.3784513,4.3980145,4.4020834,4.4057255,4.400014,4.37418,4.404088,4.398276,4.401628,4.387674,4.3964787,4.3949924,4.394274,4.378918,4.3709497,4.369524,4.372276,4.365601,4.3843074,4.3526564,4.3682494,4.3302646,4.286578,4.294487,3.512988,4.2255216,4.254656,4.334844,4.3396783,4.2997813,4.2635117,4.3263693,4.319325,4.333043,4.3298,4.3353963,4.338447,4.348289,4.336714,4.3255053,4.311659,4.321196,4.3286057,4.3318634,4.336394,4.327647,4.324978,4.314437,4.338695,4.3193736,4.3332324,4.328815,4.3257165,4.3407145,4.339584,4.3368564,4.3636184,4.337614,4.359848,4.3775134,4.3288903,4.3635025,4.3849287,4.3787045,4.3898597,4.3900776,4.3912063,4.402942,4.3881817,4.3881307,4.4065976,4.3971643,4.3949018,4.4184604,4.4035873,4.410293,4.403791,4.424621,4.413982,4.435277,4.429712,4.4158316,4.4242663,4.4089785,4.4295936,4.4289746,4.4201956,4.4252496,4.4253187,4.414356,4.4253163,4.415934,4.4180675,4.4286647,4.418296,4.407117,4.397596,4.4194517,4.4126377,4.4029846,4.425415,4.4270744,4.3995533,4.424439,4.4359565,4.395807,4.388156,4.3853765,4.371175,4.3911886,4.4028144,4.3804073,4.385946,4.4017835,4.391756,4.383244,4.38329,4.3916655,4.3737636,4.407649,4.385199,4.407901,4.400911,4.3867044,4.391822,4.418528,4.39137,4.405577,4.403861,4.405055,4.39669,4.407776,4.406771,4.3956733,4.409975,4.3953247,4.4106374,4.4104495,4.403909,4.420658,4.4080315,4.4157887,4.4010057,4.424424,4.4388056,4.4289813,4.4436154,4.4410386,4.4491773,4.447338,4.441647,4.4165006,4.4330144,4.450959,4.4512053,4.452335,4.4293985,4.429455,4.4489155,4.461203,4.4647093,4.44934,4.4845657,4.455906,4.4632473,4.4988046,4.4945645,4.5117307,4.4787054,4.5026283,4.495503,4.5107803,4.5170093,4.522634,4.5424814,4.5428305,4.555827,4.547262,4.552574,4.554354,4.582304,4.5833964,4.559735,4.5551405,4.5664597,4.581706,4.5667853,4.5660105,4.5572925,4.5764804,4.598281,4.6165857,4.617776,4.5907297,4.576534,4.592643,4.595424,4.6056256,4.5871263,4.583196,4.61119,4.6037464,4.599988,4.609171,,,,,,,,,,,,,,,,,,,,,,,,,,,,,,,,,,,,,,,,,,,,,,,,,,,,,
right,0.8019232999940868,4.253198,4.245603,4.2387023,4.243463,4.237119,4.2374725,4.220474,4.2120695,4.2138376,4.193907,4.176051,4.180289,4.1743555,4.186278,4.1851974,4.1737742,4.131475,4.1510377,4.153494,4.171848,4.169273,4.180375,4.1599865,4.1334105,4.1757154,4.154443,4.15094,4.1560874,4.1599545,4.1434693,4.146382,4.158869,4.16153,4.162042,4.1837983,4.18934,4.1860914,4.2111053,4.2003264,4.1992917,4.2413836,4.211061,4.2109556,4.2251883,4.2223988,4.2351456,4.204255,4.185493,4.1861553,4.1752744,4.153875,4.1366315,4.131421,4.0820737,4.061232,4.0559564,4.0506363,4.040293,4.0278945,3.9985044,3.9550147,3.8840072,3.8673055,3.848599,3.8441038,3.8216367,3.8193269,3.7902355,3.7977138,3.7547772,3.7360456,3.7210906,3.6986265,3.685463,3.652876,3.6449156,3.6360037,3.635919,3.605105,3.5948815,3.5770905,3.5886796,3.5717707,3.5748353,3.5759401,3.5797594,3.5400496,3.550788,3.5596387,3.5302048,3.5475166,3.5159402,3.4951928,3.4875662,3.4285748,3.442717,3.4478414,3.403302,3.4140816,3.4631875,3.4575639,3.4641922,3.4933205,3.4519718,3.4759529,3.5558863,3.5214217,3.4948516,3.514796,3.5261393,3.516334,3.5271177,3.507593,3.5256703,3.5603113,3.5527558,3.5578468,3.527737,3.5599887,3.5528383,3.574961,3.6320126,3.59947,3.6130655,3.604058,3.6069067,3.6652756,3.664652,3.6876726,3.6809406,3.7037468,3.7043684,3.692346,3.7007241,3.6998062,3.701929,3.707856,3.7170572,3.7328022,3.7574909,3.7555904,3.7368712,3.7942934,3.8184755,3.7749414,3.815448,3.8167152,3.8212252,3.834665,3.8147829,3.8377283,3.840876,3.859483,3.8677788,3.8561554,3.8615577,3.9147656,3.9079428,3.9368372,3.9432333,3.9509947,3.9609401,3.975791,3.9735365,3.9765108,3.9721017,3.9982846,3.9697812,3.987015,4.0091953,4.0023966,4.0212846,4.0017676,4.046303,4.0427628,4.024729,4.009472,4.02472,4.0545316,4.0721164,4.068048,4.0656495,4.0690546,4.068526,4.072816,4.092377,4.0945497,4.064423,4.089534,4.1361165,4.0627775,4.067772,4.0807295,4.0967307,4.090162,4.1069474,4.1081424,4.105204,4.107058,4.134623,4.127667,4.1211476,4.115153,4.133446,4.120309,4.118529,4.1322045,4.1310143,4.112996,4.1423507,4.124366,4.1293507,4.1374345,4.1387033,4.136649,4.145726,4.13837,4.1431313,4.155068,4.1514373,4.1542892,4.1480126,4.1594586,4.158119,4.158489,4.145004,4.172771,4.163381,4.154684,4.191589,4.1666155,4.1747427,4.2021003,4.18213,4.1738243,4.1779466,4.1890926,4.1844864,4.185606,4.183466,4.1869473,4.1950655,4.1810308,4.198073,4.180254,4.185147,4.1884046,4.18502,4.18759,4.1922073,4.1936016,4.177951,4.180979,4.189731,4.1896152,4.185947,4.187734,4.1913786,4.160742,4.1818624,4.1704564,4.1978908,4.1911707,4.1710987,4.181963,4.195004,4.1982117,4.2183,4.1996684,4.1857233,4.181278,4.199259,4.186981,4.189977,4.196405,4.194033,4.1919084,4.190987,4.209075,4.186197,4.209119,4.183523,4.1861243,4.2047777,4.212341,4.210068,4.2042665,4.198599,4.202022,4.1951246,4.194147,4.204164,4.1925664,4.1944017,4.192047,4.1986814,4.189266,4.194096,4.1920805,4.183914,4.1867332,4.1852107,4.185614,4.195771,4.1834636,4.184717,4.17364,4.17088,4.180526,4.157767,4.1505656,4.1515756,4.1603785,4.1525025,4.151327,4.148391,4.148504,4.1433744,4.123699,4.1459756,4.152654,4.1294684,4.1204267,4.1318192,4.1287704,4.1300063,4.13884,4.1349125,4.1206403,4.139535,4.1306853,4.1472883,4.1345925,4.136127,4.107308,4.143234,4.1180205,4.1336975,4.1362805,4.1136856,4.1444497,4.1323724,4.1337414,4.113591,4.1394143,4.1114707,4.126014,4.1504226,4.1489406,4.141652,4.119055,4.1308084,4.144512,4.1186233,4.1191483,4.1148953,4.113994,4.13726,4.1046834,4.110546,4.098253,4.0932064,4.1157956,4.0900545,4.0992804,4.0840173,4.084001,4.0726795,4.078299,4.067182,4.07835,4.059188,4.0719304,4.0584865,4.052208,4.0559363,4.0498557,4.0438905,4.0473266,4.0360336,4.047171,4.057052,4.049266,4.045477,4.037811,4.0480766,4.0039787,4.0346,4.03005,4.019221,4.0220833,4.0236573,4.029336,4.0133634,4.0335464,4.0004964,4.028926,4.0223765,4.0279927,4.0182085,4.008705,4.00016,3.9948535,4.0059996,,,,,,,,,,,,,,,,,,,,,,,,,,,
right,0.6749103000038303,3.9940274,3.9833834,3.9887912,3.9947765,3.9858797,3.9563968,3.9829817,3.9517486,4.0001554,3.9656692,3.980049,3.9773357,4.003828,3.9690688,3.9707744,3.97562,4.0024185,3.9850628,3.9702191,3.969054,3.999647,3.9993525,4.015382,4.0117793,4.0204854,4.016186,4.000866,4.0237136,3.971738,4.0101457,3.9834511,4.002347,3.9878883,4.0114822,4.0295005,3.9688997,4.011968,3.9965208,4.010771,3.985588,3.995362,3.9785867,3.9809916,3.9688804,3.9818356,3.976759,3.9468923,3.9317589,3.9246438,3.901821,3.898293,3.905318,3.8887293,3.867665,3.8839018,3.8471916,3.8547902,3.8319035,3.803554,3.8028352,3.7634833,3.747058,3.7091973,3.6872199,3.6897905,3.6058438,3.649969,3.6243598,3.600401,3.5764606,3.5616975,3.5288217,3.4860392,3.4798489,3.476035,3.4867568,3.4650655,3.4533563,3.429365,3.430923,3.4311655,3.4231334,3.42805,3.4050903,3.4099526,3.3642328,3.3816829,3.3776014,3.344227,3.3242228,3.3477843,3.3009868,3.336741,3.3340867,3.306808,3.3068235,3.3333392,3.330563,3.3326204,3.339717,3.3358104,3.3539865,3.3363616,3.343271,3.3299086,3.3502014,3.347175,3.3704166,3.354101,3.3552523,3.3692055,3.3739216,3.4016113,3.3831754,3.3789475,3.4158888,3.419188,3.442979,3.446996,3.441698,3.4478183,3.4401457,3.4342132,3.4710443,3.4618847,3.479558,3.4874456,3.5255072,3.5384536,3.5504022,3.5423667,3.568906,3.5651498,3.5771346,3.5618,3.5977504,3.5997941,3.6156716,3.6197958,3.6281314,3.6465068,3.6496687,3.6455512,3.656692,3.6686938,3.689934,3.6841862,3.7437272,3.732648,3.7553716,3.7755325,3.768697,3.7894948,3.7783225,3.7829323,3.805997,3.7956576,3.8069162,3.8205879,3.8430715,3.8407505,3.852577,3.8481,3.86263,3.8655915,3.8618572,3.853296,3.8628163,3.8677738,3.8797235,3.8803196,3.8843527,3.886766,3.8881204,3.8889072,3.8861125,3.8802035,3.8609672,3.8761635,3.8695853,3.870025,3.8588252,3.870892,3.8557885,3.8486888,3.8838882,3.8602211,3.869486,3.8202114,3.8398056,3.8631566,3.8319447,3.825828,3.759629,3.688424,3.888825,3.7734141,3.8611095,3.873155,3.8614066,3.8878338,3.8813274,3.9006498,3.8985112,3.8956046,3.937828,3.9467382,3.9327953,3.9090624,3.9040573,3.9271648,3.9190495,3.9262123,3.949716,3.9260082,3.95138,3.9624221,3.9523783,3.9526165,3.9881527,3.9684207,3.9671586,3.991043,3.9807353,3.9683177,4.012202,4.0193753,4.0346947,4.046099,4.0312443,4.05661,4.056434,4.058159,4.069313,4.0598955,4.0862026,4.0886817,4.0850677,4.095448,4.0975723,4.090183,4.128737,4.12367,4.09928,4.1091204,4.1287093,4.1200647,4.1342015,4.1458054,4.1457734,4.1293764,4.1434608,4.133576,4.149702,4.1405683,4.155391,4.158236,4.1645103,4.146729,4.161522,4.1671343,4.1606693,4.1573215,4.1368866,4.1597424,4.174637,4.177041,4.1548886,4.173911,4.1616106,4.1449523,4.1702886,4.13261,4.1496263,4.1758137,4.147463,4.1610413,4.1623945,4.1520586,4.1614456,4.151386,4.1238575,4.1394405,4.138343,4.152496,4.140293,4.138845,4.1334987,4.1462216,4.1276164,4.1261754,4.128372,4.1108375,4.1241693,4.095045,4.112097,4.131995,4.1464767,4.1117682,4.156794,4.1244755,4.1258082,4.154717,4.144715,4.1420503,4.135678,4.129394,4.176519,4.160058,4.14207,4.191992,4.173974,4.1720905,4.1738086,4.171257,4.2012696,4.181115,4.2011795,4.1921306,4.2017384,4.201404,4.1869845,4.2029476,4.2008634,4.2214413,4.194716,4.1881847,4.2000113,4.20614,4.188293,4.1947927,4.2350197,4.2282953,4.219624,4.2455387,4.2420807,4.229315,4.2272544,4.2195716,4.239813,4.2554193,4.248372,4.238948,4.2756577,4.262091,4.23437,4.245633,4.261622,4.2591434,4.287889,4.279166,4.272368,4.2646008,4.253992,4.2613697,4.3119206,4.2583513,4.2740855,4.300507,,,,,,,,,,,,,,,,,,,,,,,,,,,,,,,,,,,,,,,,,,,,,,,,,,,,,,,,,,,,,,,,,,,,,,,,
right,0.4431615000066813,3.8563826,3.847442,3.828061,3.8385563,3.8534613,3.8321214,3.844629,3.8214145,3.8210158,3.8302286,3.8259258,3.797465,3.8477736,3.8284345,3.832144,3.8295264,3.81218,3.8433769,3.8291993,3.8529634,3.8149636,3.8124192,3.8162067,3.8478775,3.8322034,3.8586402,3.8545973,3.8471327,3.8624356,3.8458273,3.864907,3.862693,3.8630805,3.8694122,3.8655741,3.888969,3.8664014,3.8648317,3.8902266,3.872745,3.9043622,3.881844,3.9047952,3.9036782,3.8863978,3.8917603,3.9136317,3.8778443,3.8928745,3.8771336,3.8661726,3.8606856,3.8628144,3.8346708,3.8317034,3.7877245,3.7615585,3.7775555,3.7380667,3.6747,3.6684442,3.6742735,3.6720483,3.655261,3.6306925,3.6291356,3.59033,3.5473878,3.530357,3.4804842,3.4711635,3.445444,3.4471223,3.4215415,3.4248781,3.4253178,3.4276636,3.3792758,3.374789,3.338449,3.3282933,3.3543882,3.333652,3.3407722,3.3462873,3.3218036,3.3332598,3.3312771,3.2913632,3.3019843,3.30836,3.2580194,3.3029337,3.269196,3.28234,3.2848485,3.2717142,3.316802,3.2999704,3.2954843,3.286554,3.3060365,3.2955291,3.2978406,3.3004735,3.3045785,3.3288317,3.3115332,3.320052,3.314785,3.339843,3.3436267,3.325708,3.3345642,3.3622367,3.3555741,3.3699126,3.3470755,3.3568242,3.394743,3.3969436,3.3925726,3.4170048,3.4234674,3.450816,3.4390938,3.455859,3.4461076,3.4546099,3.480659,3.501855,3.5080676,3.5350676,3.5386975,3.547156,3.5644367,3.5802798,3.60962,3.5878997,3.6331503,3.6152077,3.6316774,3.6042342,3.6198819,3.6246443,3.6315231,3.6209643,3.6077297,3.624961,3.6393092,3.6553364,3.6377335,3.6552444,3.6377795,3.6379359,3.6570537,3.6624317,3.6523986,3.646978,3.65858,3.691362,3.6632638,3.677904,3.664726,3.6576905,3.676094,3.6660006,3.667415,3.691513,3.6922567,3.7168138,3.6695564,3.683815,3.725362,3.7073562,3.6947503,3.7397773,3.7283013,3.7374268,3.7421277,3.7635036,3.7530673,3.769128,3.7720947,3.7716587,3.7869081,3.7781367,3.7945955,3.7842412,3.803592,3.7907898,3.808736,3.8030832,3.7866526,3.8020043,3.8158693,3.7911577,3.803333,3.8310575,3.8495007,3.8273535,3.8466861,3.884932,3.8584268,3.8890584,3.8712668,3.893857,3.8809035,3.8913436,3.890398,3.9038322,3.8956733,3.8915038,3.8974893,3.9157712,3.9162276,3.9296632,3.9245212,3.9224765,3.9194934,3.9163566,3.9312727,3.9282858,3.921216,3.9216201,3.9240584,3.9367101,3.9318008,3.9246194,3.929109,3.9458907,3.9350567,3.9135597,3.9192185,3.9247146,3.9237685,3.915818,3.918695,3.9224434,3.9101439,3.9126394,3.9109674,3.9152193,3.9085915,3.9067755,3.89125,3.9028802,3.8976653,3.8947768,3.8897972,3.8808534,3.9044368,3.8868842,3.8974938,3.8884757,3.8877861,3.8729417,3.8818421,3.8821542,3.882244,3.8906116,3.8965783,3.896471,3.8739614,3.903607,3.8977313,3.9057317,3.9029691,3.8929687,3.9021091,3.8979745,3.8981652,3.9044724,3.892858,3.905127,3.9019792,3.8995287,3.918421,3.8972936,3.906914,3.9115052,3.9439151,3.938346,3.9355347,3.9427478,3.961735,3.9507918,3.9450605,3.9494026,3.9380708,3.9441974,3.9391356,3.9602904,3.9728959,3.9647229,3.9954257,3.9845948,3.9841344,4.006433,3.9906776,3.973992,4.000068,4.026878,3.996777,4.0064807,4.018804,4.0387363,4.014797,4.0365143,4.0112505,4.0229588,4.0311265,4.036865,4.0245686,4.0453906,4.0398316,4.034778,4.035598,4.0379477,4.045564,4.0332804,4.0488434,4.0410104,4.061002,4.049594,4.0506396,4.0564513,4.0618386,4.0678096,4.074234,4.066157,4.070177,4.071339,4.0692444,4.0801425,4.0880537,4.0772223,4.0745716,4.1197314,4.096735,4.074865,4.1004972,4.0961523,4.118348,4.10743,4.088869,4.102316,4.1358814,4.109369,4.1306543,4.0899725,4.131779,4.1255903,4.0871964,4.144766,4.1360703,4.1382723,4.1369786,4.1393995,4.159771,4.157017,4.1573915,4.141434,4.1415434,,,,,,,,,,,,,,,,,,,,,,,,,,,,,,,,,,,,,,,,,,,,,,,,,,,,,,,,,,,,,,,,,,,
right,0.8100969000079203,4.1820316,4.1630425,4.1784754,4.1510863,4.156543,4.1735454,4.1792607,4.173058,4.170733,4.1701493,4.152849,4.1555853,4.157749,4.1448917,4.162063,4.1516137,4.1539774,4.1960683,4.148416,4.139632,4.1635876,4.150403,4.130339,4.154499,4.1469164,4.167061,4.1482,4.1573257,4.149289,4.1479645,4.1482577,4.1426783,4.1280527,4.1548653,4.1537046,4.133443,4.116369,4.1328096,4.151127,4.130983,4.118504,4.1594014,4.124824,4.1382794,4.126261,4.1220355,4.1337943,4.1238947,4.128162,4.126769,4.123054,4.1023507,4.1129208,4.1288123,4.0910554,4.0490823,4.0290427,4.035332,4.012459,3.9841444,3.989906,3.9551787,3.9395664,3.933223,3.934438,3.9195728,3.8665836,3.8947635,3.8731494,3.8577933,3.8160152,3.7850993,3.7715378,3.7607682,3.7591765,3.7074456,3.7107134,3.6886966,3.6818082,3.676656,3.667656,3.6707387,3.6740925,3.663046,3.6470459,3.654264,3.6594462,3.645287,3.6244242,3.6405492,3.6156433,3.623825,3.6193886,3.6220515,3.606356,3.6181655,3.6057534,3.6302514,3.607811,3.6315415,3.6370323,3.6407125,3.639314,3.615932,3.6224668,3.635856,3.616522,3.6603298,3.6402874,3.6411471,3.6374025,3.6411626,3.6422656,3.6331313,3.6458259,3.6497977,3.6686084,3.654197,3.6659923,3.6851776,3.6563694,3.6937425,3.711973,3.735572,3.7556405,3.75291,3.7610543,3.7613482,3.767786,3.7899556,3.7870204,3.7959414,3.8106103,3.8015764,3.8122246,3.8334816,3.829201,3.843395,3.8564844,3.9105456,3.9040349,3.906536,3.9224634,3.9356751,3.9847016,3.9616282,3.9760196,3.9759245,3.9559674,3.9790022,4.005108,4.003475,4.0128975,4.014167,4.0143113,4.020945,4.032661,4.055976,4.040082,4.048632,4.08325,4.09413,4.1031737,4.1011696,4.0980515,4.105938,4.113842,4.1104674,4.138757,4.155364,4.183605,4.188262,4.182391,4.1920924,4.2143803,4.204641,4.2363424,4.22341,4.2250757,4.2476873,4.2506227,4.218875,4.209135,4.1578484,4.188283,4.023756,4.013646,4.0518045,4.223749,4.2467904,4.2689214,4.058827,4.088695,4.0870495,4.072564,4.072513,4.0753875,4.0771832,4.069434,4.0816956,4.0830183,4.116025,4.1050076,4.122716,4.121636,4.130051,4.1034694,4.1184053,4.144852,4.1251464,4.126492,4.1343355,4.1532,4.128088,4.1631885,4.180331,4.1747756,4.189672,4.1650305,4.2089567,4.1912584,4.196348,4.2186728,4.2281976,4.228029,4.2328987,4.2596183,4.2280016,4.2381163,4.275032,4.2707887,4.2813263,4.296116,4.319471,4.3032465,4.2933784,4.3131537,4.3266115,4.342823,4.32918,4.3441405,4.360506,4.356637,4.354659,4.3609896,4.36169,4.383327,4.3900614,4.365635,4.3931193,4.3757353,4.3640113,4.371213,4.3970423,4.363157,4.379731,4.36509,4.366367,4.3772187,4.4025097,4.3783245,4.35951,4.3624015,4.362645,4.3557243,4.3753,4.3686996,4.347194,4.34712,4.346986,4.3465033,4.3214593,4.3472157,4.33371,4.341701,4.3327928,4.3067617,4.325376,4.311386,4.362126,4.3278494,4.2985854,4.324903,4.3343444,4.323087,4.3351407,4.3145547,4.314292,4.3291955,4.3082314,4.341454,4.2982645,4.3413696,4.3084736,4.320704,4.3299007,4.3196473,4.309685,4.322335,4.3204975,4.326625,4.304115,4.3310647,4.3386297,4.348339,4.3298874,4.334417,4.333237,4.3251333,4.322029,4.341458,4.3357196,4.3457756,4.335915,4.3467345,4.34779,4.3483024,4.352744,4.3419523,4.340728,4.3693275,4.345942,4.3621683,4.3602443,4.368281,4.3726616,4.367197,4.367796,4.4040604,4.4173136,4.4025435,4.4026256,4.41227,4.42607,4.4218574,4.4184885,4.4350853,4.4402213,4.4321156,4.4480457,4.4378715,4.451494,4.4415884,4.4589825,4.4874954,4.4956293,4.485783,4.483065,4.485315,4.4688745,4.4732065,4.469188,4.475967,4.455284,4.474412,4.4967914,4.468083,4.4876165,4.493359,4.4622393,4.502469,4.487739,4.497521,4.495384,4.5101123,4.490674,4.485452,4.501504,4.491566,4.524973,4.471548,4.5102806,4.505029,4.535845,4.5287747,4.5102506,4.516811,4.526573,4.514722,4.5291014,4.5438666,4.5111904,4.53653,4.5177555,4.5437784,4.5208316,4.5320487,4.5459514,4.5386496,4.5079303,4.5235014,,,,,,,,,,,,,,,,,,,,,,,,,,,,,,,,,,,,,,,,
right,0.5298307999910321,4.412684,4.4106846,4.404653,4.4198833,4.4283686,4.398029,4.415269,4.4176974,4.422303,4.3943105,4.4093065,4.40353,4.407741,4.428081,4.3961506,4.4117527,4.3982697,4.3812985,4.4098167,4.376266,4.3931894,4.4075413,4.3929963,4.4106154,4.3968406,4.366336,4.3576245,4.3761697,4.3735967,4.366356,4.3598247,4.386244,4.3791738,4.3943315,4.3676944,4.378026,4.386918,4.385056,4.359333,4.3714952,4.356405,4.3895497,4.381285,4.3727274,4.3877273,4.358471,4.3436685,4.3391995,4.3468957,4.3203206,4.33759,4.311788,4.2933817,4.2617345,4.273448,4.256661,4.262445,4.1975517,4.1875486,4.1733136,4.1428947,4.074295,4.052315,4.035167,4.0325837,3.9743557,3.925985,3.9297507,3.9046342,3.876639,3.8567648,3.8318927,3.8244622,3.8093998,3.7448308,3.7579172,3.7299132,3.7263358,3.718319,3.7261841,3.712751,3.6743784,3.6500952,3.6655853,3.6114504,3.6055477,3.586146,3.5721006,3.5805597,3.56842,3.567971,3.5392377,3.5533042,3.5445325,3.5560923,3.5407777,3.5339549,3.5419085,3.5557556,3.553751,3.5427737,3.5485713,3.5178912,3.5425737,3.5436401,3.5370452,3.533587,3.552364,3.5365174,3.5635598,3.5503793,3.5506318,3.5569117,3.5508244,3.556246,3.551327,3.5533364,3.5587246,3.5908632,3.5712547,3.595595,3.5948238,3.6479642,3.6186986,3.6354244,3.653945,3.6528924,3.6668699,3.6402771,3.662762,3.6960506,3.7018209,3.7025895,3.709507,3.7445047,3.7489054,3.7447653,3.7607284,3.7592118,3.7769718,3.779086,3.7837367,3.799267,3.8111517,3.8048403,3.8284113,3.821107,3.8349757,3.8086612,3.8259625,3.8345914,3.8510423,3.8355346,3.8786845,3.822867,3.8501883,3.8598561,3.808654,3.8233528,3.816218,3.83703,3.829776,3.8004253,3.8214717,3.7829027,3.778887,3.7674255,3.7479415,4.1355042,3.8456452,3.8634956,3.8925834,3.824964,3.7974563,3.9393985,3.8388197,3.927231,3.8972354,3.9054186,3.917787,3.944095,3.9332356,3.9323428,3.9271219,3.9545088,3.9535518,3.957273,3.9507127,3.971571,3.9767156,3.9741187,3.9818697,3.984481,3.988306,3.9935954,3.9905992,3.9895012,3.998521,3.985729,4.0038133,3.988883,4.0137916,4.036473,4.0636506,4.044976,4.04986,4.0936894,4.094437,4.099779,4.1086164,4.0873055,4.120026,4.1067023,4.151274,4.148961,4.1351438,4.1509614,4.1495,4.1442947,4.174186,4.174772,4.1770196,4.171162,4.1845045,4.186925,4.1776037,4.17736,4.1934595,4.191338,4.178176,4.1847544,4.160199,4.1739783,4.1719937,4.175824,4.1844664,4.16408,4.1539507,4.1596184,4.1126223,4.1630116,4.1433563,4.136298,4.1298165,4.1292295,4.115879,4.103238,4.119405,4.0849614,4.0929685,4.0772133,4.0718455,4.0814333,4.066574,4.052613,4.06165,4.0544133,4.063091,4.0441475,4.047822,4.048338,4.0424023,4.0322666,4.0207787,4.0125394,4.0253525,4.0391884,4.0201807,4.028412,4.031686,4.0082626,4.032525,4.000356,4.0047016,4.0049944,4.0122595,4.012107,3.9841824,3.9967363,3.9879556,4.0081987,4.0085683,3.9743686,4.001794,4.003034,4.009183,4.0056148,4.023508,4.0239916,4.0168443,4.012423,4.008212,3.9847267,4.024428,4.011101,4.025815,4.008842,4.020911,4.036875,4.0515985,4.049528,4.04225,4.05103,4.0583115,4.047059,4.049628,4.056748,4.048267,4.0731416,4.059542,4.064821,4.0685,4.057222,4.0760813,4.090767,4.0838013,4.0820866,4.106562,4.1021333,4.100471,4.0905137,4.0967865,4.0844254,4.0859656,4.078683,4.1190124,4.0978727,4.1102557,4.1178923,4.125489,4.1389637,4.120384,4.1342244,4.143926,4.128029,4.1337113,4.145277,,,,,,,,,,,,,,,,,,,,,,,,,,,,,,,,,,,,,,,,,,,,,,,,,,,,,,,,,,,,,,,,,,,,,,,,,,,,,,,,,,,,,,,,,,,,,,
right,0.375720399984857,4.3377395,4.3285275,4.332809,4.335926,4.331437,4.343902,4.325523,4.334513,4.324323,4.317722,4.317069,4.324729,4.345276,4.339606,4.321025,4.348809,4.3358603,4.3566194,4.339333,4.3386436,4.358011,4.3643837,4.3395944,4.345893,4.364577,4.3550982,4.3520904,4.3551173,4.3665104,4.3676834,4.371699,4.382232,4.3593826,4.3669586,4.369285,4.3666544,4.4036503,4.392958,4.378469,4.3848166,4.4225726,4.419866,4.4316897,4.41229,4.424852,4.4422083,4.4441886,4.4139447,4.445134,4.425019,4.4230785,4.440932,4.4090037,4.381465,4.3723884,4.3708425,4.356871,4.3702116,4.3141837,4.2994833,4.254004,4.2239647,4.1971436,4.1855893,4.1245503,4.1115117,4.0951285,4.0791464,4.05977,4.0628347,4.029612,4.0204415,4.0190907,3.9709196,3.9103167,3.9298816,3.8739846,3.8627734,3.8656967,3.8614817,3.8661714,3.843593,3.8448665,3.8436027,3.84796,3.8154438,3.8265202,3.8230965,3.8322928,3.807195,3.810247,3.8056335,3.8293378,3.8019624,3.8102107,3.8171506,3.7869177,3.8110805,3.7999525,3.8116522,3.8136292,3.8252244,3.8207963,3.8394253,3.8311002,3.8278017,3.8242676,3.8567965,3.833714,3.8451807,3.849218,3.8309457,3.8443525,3.8660173,3.8681126,3.8585002,3.8659072,3.8702593,3.8778563,3.888552,3.8958821,3.8932288,3.9331985,3.9640386,3.9725769,3.9714518,3.982313,3.966521,3.9735906,4.0214787,4.0134273,4.035785,4.0278134,3.9814339,4.0167828,4.0183225,4.0183625,4.027415,4.024922,4.0324697,3.9927177,4.02827,4.034844,4.037842,4.0005817,4.020749,3.8803005,4.4048023,4.022326,4.0981894,4.0733743,4.1127977,4.095016,4.1326685,4.143613,4.1311836,4.142261,4.1487803,4.15614,4.134989,4.153774,4.1867642,4.171647,4.185033,4.1891875,4.191093,4.1872387,4.2077184,4.1824455,4.231911,4.191075,4.2462616,4.220358,4.242583,4.227909,4.2324305,4.2333145,4.2390804,4.237496,4.254419,4.2394385,4.2629566,4.261356,4.276797,4.279386,4.2865677,4.2726746,4.275524,4.2861714,4.2972403,4.3130865,4.319661,4.3087792,4.33201,4.335042,4.329278,4.3540273,4.3208838,4.3507833,4.3622046,4.3770413,4.3562083,4.3471813,4.3668294,4.361644,4.358937,4.3714523,4.375858,4.3668566,4.381104,4.3819823,4.3649163,4.377438,4.3923173,4.392227,4.4046626,4.3635015,4.3406487,4.3794427,4.3609943,4.387639,4.3813677,4.39331,4.372262,4.3687916,4.3568797,4.3644166,4.3569717,4.3656993,4.363387,4.3590364,4.3607545,4.363046,4.359296,4.352989,4.357854,4.3647227,4.3598676,4.357134,4.3524404,4.353161,4.3552027,4.3576803,4.3529983,4.3564696,4.35625,4.361965,4.3564754,4.3592896,4.357902,4.36758,4.367424,4.359994,4.3677864,4.3634977,4.3643837,4.3754377,4.368057,4.402035,4.3798637,4.4219437,4.395372,4.415087,4.418521,4.4043036,4.4257426,4.420139,4.427023,4.419027,4.4119368,4.437724,4.423797,4.4297495,4.435937,4.419913,4.420567,4.411321,4.4125032,4.4285345,4.4343657,4.442096,4.443782,4.4092107,4.442331,4.4313736,4.4297495,4.4259567,4.4119415,4.4311776,4.4285374,4.4257708,4.433037,4.434539,4.443448,4.416927,4.4089556,4.434396,4.4308157,4.4333367,4.4219694,4.4160686,4.4362354,4.43444,4.4043517,4.44529,4.4256964,4.4208694,4.412652,4.4293585,4.4360957,4.4169416,4.417598,4.42119,4.4242916,4.418802,4.4074163,4.408518,4.4251676,4.4115343,4.4144177,4.405301,4.4112644,4.4019794,4.4224267,4.40354,4.409688,4.4118404,4.4166017,,,,,,,,,,,,,,,,,,,,,,,,,,,,,,,,,,,,,,,,,,,,,,,,,,,,,,,,,,,,,,,,,,,,,,,,,,,,,,,,,,,,,,,,,,,,,,,,,,,,,,,
right,0.8953269000048749,4.15184,4.13774,4.1638093,4.147459,4.153135,4.1169524,4.15528,4.129454,4.145344,4.1335816,4.1311107,4.1537113,4.154257,4.12707,4.155615,4.1502275,4.133499,4.128523,4.1438622,4.1638017,4.137483,4.150987,4.153556,4.154188,4.185366,4.1804094,4.1774073,4.1728435,4.192537,4.178734,4.1987023,4.2022696,4.220076,4.2058883,4.2032886,4.2196503,4.2079945,4.2096195,4.2251716,4.21482,4.2251916,4.2057934,4.2106566,4.2216187,4.2272267,4.2312627,4.2102757,4.2262177,4.2334757,4.2342954,4.222828,4.2025332,4.20881,4.1970463,4.1952887,4.1932197,4.188534,4.183738,4.149309,4.1347613,4.078963,4.040477,4.0509667,4.0319533,3.9904547,3.955644,3.9546638,3.944474,3.924526,3.9201117,3.848411,3.830196,3.8257148,3.8325279,3.8131392,3.793096,3.769402,3.7535105,3.7415013,3.7304308,3.712788,3.7082932,3.6681242,3.6833048,3.664003,3.6685789,3.6297116,3.6002498,3.6250799,3.6127906,3.6167963,3.5954027,3.6050422,3.585622,3.5871959,3.6016016,3.6030219,3.5988636,3.6089451,3.5709906,3.601874,3.5942028,3.5675762,3.58595,3.5804722,3.5986133,3.5731335,3.5879745,3.5968,3.5885653,3.6126537,3.6017213,3.5968804,3.607342,3.632704,3.629981,3.624142,3.6447093,3.6541805,3.6594718,3.639831,3.6467695,3.6523368,3.6678908,3.6807742,3.7108352,3.7214932,3.6979957,3.7232454,3.73339,3.7414005,3.746048,3.763727,3.7995088,3.7747157,3.7607687,3.7992845,3.7889392,3.8021674,3.818285,3.8386548,3.8390965,3.8452713,3.8616517,3.8886688,3.890594,3.8934615,3.9230816,3.9071002,3.9150505,3.9185534,3.9370704,3.9351075,3.9338834,3.9655757,3.9496078,3.945062,3.9739983,3.9831784,3.9806094,3.993017,4.022615,4.019603,4.034975,4.056128,4.050618,4.0806775,4.093969,4.0887933,4.120028,4.101275,4.138672,4.11144,4.1292377,4.1228294,4.1274424,4.139861,4.1387386,4.143576,4.136843,4.137331,4.1602154,4.1464543,4.1655793,4.170021,4.1604595,4.1712427,4.178108,4.1987953,4.193452,4.1703506,4.1762557,4.184072,4.1897616,4.169126,4.182527,4.1762385,4.1646094,4.1637845,4.158683,4.140789,4.1725893,4.1416335,4.13914,4.1271305,4.0960493,4.130774,4.07314,4.0839787,4.066725,4.075035,4.064048,4.06962,4.0602584,4.070606,4.0597034,4.043271,4.04398,4.0013833,3.9740496,3.9793763,4.16883,4.160342,3.9230292,4.0065794,4.003652,3.9629881,3.9779565,3.9545631,3.9803278,4.026707,4.0454926,4.050848,4.0738425,4.052942,4.0455,4.0723777,4.0960073,4.088476,4.09349,4.069769,4.128441,4.113471,4.099745,4.0859013,4.1080937,4.113563,4.1039305,4.114686,4.0957813,4.1185164,4.1101522,4.1248436,4.098511,4.1254115,4.143359,4.1835456,4.1537933,4.1461396,4.156642,4.16273,4.184888,4.1687517,4.188834,4.181586,4.193159,4.1807656,4.183804,4.1918283,4.199989,4.2083335,4.1927648,4.191639,4.1960907,4.205014,4.2395287,4.1958804,4.225079,4.2148285,4.2402916,4.236411,4.241844,4.2123866,4.2233844,4.224839,4.219743,4.226338,4.2145367,4.2062216,4.234569,4.3013015,4.244429,4.258591,4.2529345,4.2302556,4.211256,4.2335167,4.208616,4.196665,4.1939464,4.1826887,4.186522,4.15337,4.1497517,4.1573734,4.137304,4.130684,4.1275578,4.1284904,4.1252923,4.129345,4.123984,4.109312,4.112152,4.0972657,4.103174,4.100089,4.1067486,4.1187644,4.12247,4.1068687,4.1148396,4.102351,4.0970607,4.093548,4.0986323,4.1128163,4.093323,4.081787,4.0781803,4.0839586,4.0900526,4.1121798,4.108484,4.0768514,4.0963435,4.107279,4.085284,4.0998597,4.1046176,4.0927215,4.0967727,4.0918117,4.091741,4.116565,4.120405,4.096684,4.107125,4.1106787,4.107795,4.128076,4.140219,4.1311097,4.1294084,4.1230063,4.1460238,4.1342645,4.130086,4.157757,4.15231,4.144933,4.1599355,4.191904,4.168233,4.170615,4.1827254,4.175864,4.180119,4.1979413,4.1753025,4.206074,4.163741,4.153966,4.14887,4.1911435,4.162077,4.2210736,4.201823,4.183804,4.230114,4.2368727,4.2318044,4.1932883,4.2320013,4.2158003,4.1912923,4.2326784,4.221492,4.2584114,4.229125,4.2304077,4.23804,4.2251225,4.2438984,4.2179217,,,,,,,,,,,,,,,,,,,,,,,,,,,,,,,,,,,,
right,0.7677274000016041,3.5946093,3.6091282,3.589251,3.5960577,3.6130407,3.61181,3.6064527,3.6403635,3.590224,3.6190922,3.6104975,3.627213,3.635811,3.6389441,3.6388254,3.636626,3.6367757,3.637851,3.6518428,3.6649141,3.646755,3.6693246,3.6733,3.6624644,3.673274,3.702027,3.7044227,3.7162302,3.730144,3.7316775,3.7209141,3.7552545,3.7723503,3.8010213,3.791341,3.7883036,3.789234,3.8076081,3.8031113,3.8342862,3.8188376,3.8343391,3.8346493,3.855642,3.851672,3.84775,3.840484,3.8626754,3.8499682,3.8448493,3.8557537,3.8451457,3.8272555,3.829762,3.8056343,3.785222,3.780498,3.7530456,3.6927998,3.7154844,3.6751266,3.6627915,3.6486895,3.6630473,3.6439805,3.6113994,3.5468917,3.553811,3.5569053,3.5229836,3.5234194,3.4795647,3.4579985,3.4675398,3.4316673,3.454546,3.4248397,3.4294758,3.4286737,3.433406,3.4239504,3.3991122,3.3793013,3.3841875,3.4016564,3.3921854,3.3830962,3.361018,3.3820288,3.380821,3.365079,3.3635328,3.3425012,3.3558311,3.3393342,3.3551815,3.396583,3.359351,3.3811057,3.3826559,3.3956263,3.390493,3.3993902,3.402923,3.4192486,3.4061055,3.397835,3.407055,3.4179316,3.4063025,3.4233263,3.431411,3.4384587,3.4472072,3.452697,3.461272,3.4612784,3.4884229,3.496127,3.4984941,3.514031,3.5143478,3.523037,3.5333884,3.56914,3.5561285,3.5788798,3.577124,3.606529,3.6049278,3.6368012,3.6466968,3.6411564,3.6442244,3.6457272,3.6634967,3.6617818,3.6559656,3.674325,3.6793842,3.688317,3.6927042,3.7129877,3.738392,3.7230287,3.7569745,3.7544441,3.75693,3.762613,3.791235,3.7782452,3.7935247,3.8076565,3.7966635,3.8089712,3.795638,3.8285909,3.826077,3.8633537,3.8853385,3.8758419,3.9050229,3.8991985,3.8994706,3.9185443,3.91383,3.9083865,3.9117856,3.920979,3.929192,3.9095254,3.9251769,3.9622006,3.956874,3.9241457,3.9649022,3.9455385,3.9365625,3.9334626,3.9269826,3.915146,3.923754,3.9127529,3.900952,3.9003177,3.914726,3.8862474,3.8720274,3.8665116,3.857958,3.8170233,3.8217561,3.1080668,3.8710086,3.7724216,3.735394,3.8168654,3.787499,3.787494,3.8198855,3.8066864,3.8059916,3.8371322,3.8258479,3.8244343,3.8413088,3.824905,3.8310075,3.8351371,3.8378,3.8456092,3.8250992,3.842975,3.8491323,3.8562887,3.8769026,3.85807,3.8609254,3.877767,3.8840487,3.889911,3.867681,3.9116058,3.9355469,3.936746,3.9295723,3.9120095,3.9423583,3.968847,3.9687915,3.972916,3.972484,4.006094,4.024874,4.0240474,4.025831,4.0105557,4.039833,4.047577,4.0608993,4.0670805,4.0719733,4.0723357,4.065792,4.0944567,4.102353,4.119043,4.1100025,4.0994053,4.1091,4.111836,4.1027713,4.1108932,4.1148763,4.131561,4.1157675,4.1224446,4.1228037,4.143514,4.128647,4.116426,4.114227,4.1345634,4.1271753,4.112505,4.12574,4.1375036,4.149196,4.129859,4.150794,4.1257076,4.13059,4.129633,4.1151147,4.0938463,4.1028533,4.0629373,4.063329,4.2635727,4.402165,4.410149,4.017885,4.030431,4.0498695,4.1291256,4.0962706,4.048934,4.0165663,4.016136,4.096204,4.0423694,4.074231,4.0944386,4.0816493,4.0679903,4.085444,4.0643325,4.0848274,4.0839596,4.0889773,4.10385,4.083569,4.104597,4.0959997,4.1000977,4.1001706,4.1182623,4.102681,4.115918,4.1147523,4.1326327,4.1183586,4.119025,4.1444025,4.156586,4.1580796,4.148703,4.1575203,4.1533256,4.1777544,4.193623,4.1700344,4.204392,4.183646,4.2151656,4.2065167,4.2261467,4.2164783,4.2270675,4.231726,4.2144513,4.217547,4.217174,4.2344985,4.2342896,4.2535563,4.2481956,4.251876,4.2599845,4.2484713,4.247765,4.2530003,4.246032,4.2514606,4.2486844,4.2488723,4.261815,4.2507195,4.26269,4.2710924,4.248751,4.2674475,,,,,,,,,,,,,,,,,,,,,,,,,,,,,,,,,,,,,,,,,,,,,,,,,,,,,,,,,,,,,,,,,,,,,,,,,,,,,,,
right,0.585837899998296,4.0978346,4.096367,4.1174746,4.096549,4.1079736,4.084181,4.0988326,4.1080093,4.120916,4.114593,4.0639396,4.1059484,4.128015,4.134871,4.1430864,4.139294,4.1383452,4.136087,4.1457744,4.136791,4.1604915,4.1675315,4.1628056,4.1415668,4.1398983,4.1635866,4.1661754,4.183328,4.187841,4.195019,4.201289,4.193046,4.196488,4.2052255,4.2021127,4.183061,4.1939154,4.1923933,4.1921697,4.197321,4.181112,4.1888347,4.209006,4.218445,4.217903,4.2162995,4.2247357,4.2239375,4.217428,4.229311,4.2227507,4.215875,4.2007284,4.1924543,4.187991,4.183053,4.1739526,4.134095,4.087224,4.037086,4.0385633,4.0158467,3.972817,3.956611,3.9029126,3.9050071,3.8784242,3.846556,3.8281667,3.7851992,3.7766645,3.778293,3.7184627,3.6859882,3.6761909,3.6450431,3.6484425,3.6368973,3.5966477,3.586416,3.5878036,3.5630584,3.573871,3.5680568,3.550104,3.547573,3.5345888,3.5547924,3.5168068,3.4979625,3.5224435,3.517879,3.5001836,3.4988637,3.5054111,3.494508,3.495811,3.4811888,3.490268,3.4801285,3.4978983,3.488433,3.498604,3.4916964,3.4913502,3.494256,3.4959884,3.4875715,3.503681,3.4972854,3.5349276,3.52625,3.5196586,3.535055,3.543618,3.555873,3.5679686,3.574025,3.5814996,3.5804753,3.5909126,3.6047614,3.612835,3.6470897,3.6498592,3.6668484,3.6658516,3.6981,3.682729,3.7211485,3.705985,3.7431734,3.740657,3.7552311,3.7699442,3.776287,3.8064415,3.7868268,3.805227,3.8360412,3.8281474,3.8276334,3.8308005,3.872937,3.8669314,3.88052,3.8877885,3.8971722,3.9111116,3.9147003,3.9166257,3.9025552,3.9261084,3.9590638,3.971435,3.991832,3.9555194,3.980334,4.0103498,3.9952374,3.9800062,3.987605,3.9772182,3.9641159,3.971111,3.9616632,3.9469512,3.9547095,3.9432354,3.8888016,3.9052453,3.9963286,4.20141,4.3036427,3.899209,3.973939,3.9624414,3.9398105,3.9350555,3.9380481,3.9406612,3.9846482,3.9757295,3.9830542,3.966036,3.988774,3.996119,3.9757054,4.0101776,4.001105,4.034152,4.026478,4.0384536,4.0512915,4.050821,4.043759,4.0121684,4.0336275,4.044267,4.0546327,4.038802,4.049701,4.047215,4.045688,4.066384,4.0689435,4.062349,4.061552,4.071057,4.0661235,4.066886,4.084899,4.0797997,4.081099,4.0877414,4.093411,4.0983095,4.1039505,4.114978,4.1383853,4.1331472,4.1337914,4.1173296,4.1584606,4.149941,4.206287,4.1476746,4.1989603,4.238844,4.2175107,4.2275014,4.2231016,4.244796,4.2438116,4.2464147,4.2586846,4.255925,4.273165,4.276068,4.2526336,4.278013,4.2852654,4.268645,4.27087,4.2871222,4.292429,4.2838373,4.2772737,4.2704215,4.284301,4.2738566,4.283435,4.278685,4.276586,4.264942,4.1793017,4.2228317,4.330688,4.3895836,4.6965594,4.165048,4.1593213,4.1523466,4.118856,4.1462398,4.1710696,4.130736,4.112961,4.1116385,4.1287684,4.13577,4.134576,4.150731,4.1400833,4.163507,4.156171,4.1479406,4.141589,4.157737,4.166606,4.1480308,4.1646585,4.155186,4.1600285,4.1531296,4.175787,4.165736,4.180837,4.1439214,4.198247,4.1917124,4.189757,4.185055,4.218194,4.1960926,4.2138324,4.2433667,4.239535,4.2558956,4.2680783,4.2724643,4.265497,4.2617908,4.2877216,4.2946196,4.3013186,4.283737,4.284936,4.3019567,4.296092,4.308214,4.3136797,4.3131704,4.316744,4.326237,4.314911,4.3201156,4.328592,4.314936,4.319732,4.317687,4.31322,4.329239,4.3156414,4.3419333,4.3119264,4.3297095,4.324989,4.3118234,4.3225794,4.326302,,,,,,,,,,,,,,,,,,,,,,,,,,,,,,,,,,,,,,,,,,,,,,,,,,,,,,,,,,,,,,,,,,,,,,,,,,,,,,,,,,,,,,,,,,,,,,,,,,,,
right,0.5657060999947134,3.8961987,3.895912,3.898947,3.893764,3.9002948,3.8881977,3.9006374,3.8852053,3.8844514,3.8811765,3.8841145,3.8876023,3.8845472,3.8845568,3.8966722,3.8846467,3.8987272,3.8913128,3.8813605,3.8818386,3.88567,3.892822,3.8820755,3.8936052,3.899288,3.8944879,3.904804,3.9053562,3.894948,3.9049234,3.9076562,3.8965702,3.894393,3.8968544,3.898555,3.9240174,3.9132931,3.925096,3.905728,3.904469,3.9200377,3.9265862,3.9263372,3.9279695,3.9103096,3.928365,3.9318159,3.9087732,3.9319906,3.9311292,3.921938,3.9216864,3.9070506,3.903589,3.8842318,3.884612,3.8882482,3.860786,3.8710065,3.86801,3.8275888,3.8239543,3.789504,3.743573,3.7116969,3.6969013,3.6994138,3.663366,3.650005,3.6268518,3.6170504,3.5966816,3.5660348,3.5661159,3.5589623,3.527523,3.476332,3.4599147,3.4550028,3.4457884,3.433237,3.428522,3.3941894,3.3926423,3.397772,3.3861413,3.38386,3.3685892,3.3576088,3.368971,3.352945,3.3462176,3.3469148,3.3307717,3.3427737,3.3571022,3.2995112,3.3555393,3.3578491,3.3309858,3.3223732,3.3439426,3.3299763,3.302701,3.3267267,3.3442183,3.320819,3.3253107,3.3500507,3.3426776,3.3326974,3.3547256,3.3561847,3.354116,3.3548784,3.3563454,3.3597434,3.3670738,3.3572497,3.3648076,3.3825402,3.3920956,3.4009588,3.4031594,3.434292,3.4234638,3.4185944,3.4395924,3.4443028,3.448838,3.4561727,3.4518988,3.473125,3.5189471,3.5438008,3.5480747,3.5727274,3.6078548,3.5696533,3.5958161,3.611016,3.619592,3.620292,3.6060688,3.6480463,3.6321807,3.651876,3.6576889,3.6534944,3.6631966,3.6577547,3.6498406,3.6577656,3.6717494,3.6742911,3.6728365,3.661606,3.6805005,3.672379,3.6590173,3.6611402,3.65933,3.6556492,3.6714103,3.669064,3.6704977,3.6768599,3.675529,3.6686811,3.663703,3.650974,3.6542645,3.651292,3.6602478,3.6689973,3.6540992,3.6582284,3.659269,3.655778,3.6550686,3.6484165,3.6581721,3.632639,3.6410685,3.6290088,3.6555142,3.630392,3.6222832,3.6173427,3.627669,3.6054618,3.6452265,3.6190054,3.5993855,3.6417398,3.6156585,3.6314209,3.6452553,3.6638005,3.6705503,3.6955266,3.683767,3.6948407,3.7061918,3.6816738,3.7115176,3.71262,3.700457,3.740571,3.7171953,3.7168703,3.7316618,3.716028,3.752665,3.7647185,3.750744,3.7673535,3.7630048,3.7753356,3.7519598,3.791108,3.7930074,3.7944024,3.7722576,3.7871478,3.7826936,3.8039594,3.809847,3.8367455,3.8238246,3.8468194,3.8224618,3.8561532,3.8642704,3.8573146,3.855428,3.8816462,3.872914,3.8877068,3.8867767,3.8912103,3.8981993,3.9044898,3.9004898,3.8984578,3.9167688,3.9246497,3.9188876,3.936468,3.9295561,3.9312005,3.9414492,3.9236913,3.9325228,3.9519174,3.9427013,3.938495,3.9326386,3.9488266,3.941768,3.9592,3.9924872,3.9477527,3.9583516,3.97117,3.9689646,3.9875653,3.9666154,3.9764595,3.9714873,3.9637008,3.976062,3.9906628,3.9757242,3.9561083,3.9691737,3.967567,3.9718726,3.9819334,3.9658117,3.9568508,3.962568,3.968743,3.9531775,3.957309,3.9619732,3.9852855,3.9634652,3.9783955,3.9653692,4.0045376,4.0016537,4.0185785,4.0017834,4.0058856,4.004294,4.019497,4.0346446,4.007043,4.008075,4.027263,4.009854,4.025883,4.0108743,4.02757,4.016865,4.0251656,4.033908,4.0270643,4.038663,4.0622773,4.0226884,4.0375614,4.017609,4.065249,4.0375724,4.040313,4.05514,4.082897,4.052103,4.0310025,4.0680194,4.075268,4.0685077,4.056551,4.0619626,4.0470905,4.09988,4.0796123,4.0696125,4.0841956,4.0702424,4.0798883,4.070915,4.0871916,4.112839,4.0622277,4.0622954,4.083776,4.0927114,4.089904,4.08029,4.0621963,4.064618,4.087469,4.0783033,4.074946,4.075702,4.1010876,4.059174,4.063775,4.0653987,4.0775633,4.0632,4.0697184,4.0739264,4.0755444,4.07483,4.0383177,4.0524254,4.0606275,4.0428085,4.0845914,4.0575104,4.0586543,4.0803747,4.0733333,4.0591583,4.068558,4.037028,4.073387,4.0559945,4.071995,4.087177,4.074789,4.0735474,4.0810447,4.0922976,4.0735326,4.050358,4.0556946,4.0366673,4.0573916,,,,,,,,,,,,,,,,,,,,,,,,,,,,,,,,,,,,,,,,,,,,,,,,
