t87,t88,t89,t90,t91,t92,t93,t94,t95,t96,t97,t98,t99,t100,t101,t102,t103,t104,t105,t106,t107,t108,t109,t110,t111,t112,t113,t114,t115,t116,t117,t118,t119,t120,t121,t122,t123,t124,t125,t126,t127,t128,t129,t130,t131,t132,t133,t134,t135,t136,t137,t138,t139,t140,t141,t142,t143,t144,t145,t146,t147,t148,t149,t150,t151,t152,t153,t154,t155,t156,t157,t158,t159,t160,t161,t162,t163,t164,t165,t166,t167,t168,t169,t170,t171,t172,t173,t174,t175,t176,t177,t178,t179,t180,t181,t182,t183,t184,t185,t186,t187,t188,t189,t190,t191,t192,t193,t194,t195,t196,t197,t198,t199,t200,t201,t202,t203,t204,t205,t206,t207,t208,t209,t210,t211,t212,t213,t214,t215,t216,t217,t218,t219,t220,t221,t222,t223,t224,t225,t226,t227,t228,t229,t230,t231,t232,t233,t234,t235,t236,t237,t238,t239,t240,t241,t242,t243,t244,t245,t246,t247,t248,t249,t250,t251,t252,t253,t254,t255,t256,t257,t258,t259,t260,t261,t262,t263,t264,t265,t266,t267,t268,t269,t270,t271,t272,t273,t274,t275,t276,t277,t278,t279,t280,t281,t282,t283,t284,t285,t286,t287,t288,t289,t290,t291,t292,t293,t294,t295,t296,t297,t298,t299,t300,t301,t302,t303,t304,t305,t306,t307,t308,t309,t310,t311,t312,t313,t314,t315,t316,t317,t318,t319,t320,t321,t322,t323,t324,t325,t326,t327,t328,t329,t330,t331,t332,t333,t334,t335,t336,t337,t338,t339,t340,t341,t342,t343,t344,t345,t346,t347,t348,t349,t350,t351,t352,t353,t354,t355,t356,t357,t358,t359,t360,t361,t362,t363,t364,t365,t366,t367,t368,t369,t370,t371,t372,t373,t374,t375,t376,t377,t378,t379,t380,t381,t382,t383,t384,t385,t386,t387,t388,t389,t390,t391,t392,t393,t394,t395,t396,t397,t398,t399,t400,t401,t402,t403,t404,t405,t406,t407,t408,t409,t410,t411,t412,t413,t414,t415,t416,t417,t418,t419,t420,t421,t422,t423,t424,t425,t426,t427,t428,t429,t430,t431,t432,t433,t434,t435,t436,t437,t438,t439,t440,t441,t442,t443,t444,t445,t446,t447,t448,t449,t450,t451,t452,t453,t454,t455,t456,t457,t458,t459,t460,t461,t462,t463,t464,t465,t466,t467,t468,t469,t470,t471,t472,t473,t474,t475,t476,t477,t478,t479,t480,t481
3.9196053,3.9175704,3.9356048,3.9351938,3.9359682,3.9293299,3.94767,3.944018,3.947264,3.9458358,3.9523914,3.9520247,3.9530544,3.9603274,3.9620147,3.9590108,3.9655764,3.971818,3.9627836,3.9711108,3.9728172,3.9645097,3.9698436,3.9597464,3.9624262,3.9635582,3.9641466,3.9634075,3.9631815,3.964039,3.9676309,3.958831,3.9610672,3.9613674,3.9657776,3.9612594,3.967736,3.96286,3.961262,3.960526,3.9718125,3.9603884,3.964187,3.956446,3.955408,3.9494133,3.9515119,3.9534206,3.953558,3.9415267,3.9371533,3.9418435,3.920976,3.896959,3.8648632,3.8544648,3.8396966,3.8259413,3.8005078,3.789919,3.7852411,3.7664454,3.7374153,3.709081,3.6875932,3.6779866,3.6377163,3.6307297,3.6218476,3.5957193,3.5855126,3.580553,3.5681896,3.5599315,3.5416245,3.5310228,3.523417,3.522678,3.5199409,3.5038855,3.5002706,3.5036662,3.4875574,3.4903023,3.4843733,3.4830525,3.4729052,3.4635968,3.4721448,3.462588,3.468848,3.4652278,3.474066,3.4689822,3.4682648,3.470461,3.4722793,3.486367,3.496383,3.5024328,3.498766,3.4965212,3.5082479,3.5137393,3.5122025,3.5292146,3.5210497,3.5348685,3.5353658,3.5479727,3.5571406,3.5585313,3.5661213,3.5798006,3.5699346,3.5988867,3.60411,3.6221156,3.6263728,3.629873,3.627365,3.6663017,3.6701062,3.672944,3.6868079,3.6896036,3.6969306,3.7156348,3.7172344,3.7423115,3.75214,3.7719476,3.7676976,3.7704852,3.7782552,3.7743385,3.7832074,3.7885447,3.7990155,3.8149803,3.8260283,3.8104222,3.8256493,3.8482223,3.846277,3.8606372,3.8580015,3.8751402,3.8692157,3.8811247,3.8884468,3.8901548,3.8948727,3.9013038,3.9098866,3.931763,3.9322748,3.9329648,3.9372225,3.9399555,3.9502764,3.9482737,3.9478571,3.9517603,3.9468806,3.9457927,3.9733994,3.959217,3.9570715,3.9623175,3.965262,3.9588456,3.960123,3.963847,3.970723,3.9720304,3.962975,3.9591503,3.9782617,3.9853196,3.97786,3.987715,3.9820368,3.9779596,3.9783292,3.9802463,3.981638,3.989262,3.9823782,3.9932923,3.9925692,3.99606,4.006274,4.0029135,4.0071816,4.0046496,4.009549,4.0098066,4.0290546,4.01376,4.0227075,4.021682,4.0258594,4.0265403,4.046611,4.030103,4.038041,4.03993,4.0507445,4.0573864,4.0467668,4.04463,4.0532627,4.0477467,4.053072,4.055993,4.0543494,4.06748,4.0688734,4.0830684,4.076207,4.0779552,4.0818806,4.078607,4.0807996,4.0961986,4.09742,4.0853844,4.0941234,4.109767,4.0914454,4.1031804,4.102411,4.108921,4.11612,4.1085353,4.1165295,4.118281,4.126802,4.118714,4.122054,4.1261597,4.126706,4.13935,4.1379886,4.134303,4.1450047,4.13791,4.141479,4.1349792,4.1406326,4.147283,4.143224,4.141022,4.1434736,4.1368947,4.1457396,4.1376786,4.138575,4.143686,4.1557927,4.1565347,4.144734,4.167172,4.1581798,4.158232,4.156216,4.161655,4.160676,4.164969,4.1633577,4.167905,4.1663747,4.1756845,4.1801744,4.1727595,4.1774044,4.174913,4.1814647,4.179783,4.183946,4.195878,4.1869407,4.1905546,4.19156,4.1884627,4.185472,4.18705,4.195026,4.1885915,4.1927414,4.1915517,4.195618,4.1923766,4.187021,4.211706,4.2024937,4.1997294,4.193684,4.203994,4.1934752,4.2080364,4.1829834,4.209712,4.1925397,4.205468,4.221437,4.2221274,4.218857,4.214198,4.2125244,4.220296,4.203505,4.2138166,4.191048,4.215021,4.1820836,4.1968527,4.1868486,4.2135777,4.201554,4.1793685,4.1781173,4.184086,4.1863484,4.176204,4.177069,4.1883674,4.1892133,4.1787004,4.1846766,4.18408,4.166895,4.167542,4.178498,4.16516,4.164778,4.1634617,4.1768517,4.166937,4.1674657,4.176523,4.1604605,4.164059,4.1719046,4.1583743,4.148476,4.148854,4.1493096,4.1421375,4.146756,4.1389127,4.139811,4.138535,4.1416845,4.1362357,4.1304564,4.1265464,4.1257944,4.127523,4.129147,4.1228313,4.115559,4.114615,4.107462,4.107482,4.1110344,4.0948963,4.104217,4.100741,4.0990458,4.090722,4.090374,4.092304,4.0569534,4.0364265,3.9771478,2.5096107,1.8880134,4.0462246,4.01425,4.0401855,4.072889,4.0738497,4.0751357,4.076698,4.077806,4.073275,4.0667043,4.0757394,4.0816884,4.078329,4.080767,4.077757,4.0765266
4.051641,4.054517,4.0497713,4.049008,4.049109,4.038796,4.0388784,4.04453,4.0409927,4.047764,4.052456,4.048441,4.047185,4.0481687,4.0480485,4.0562444,4.056993,4.059798,4.0613656,4.057671,4.0664716,4.0617757,4.0644855,4.0658016,4.0647535,4.0628605,4.0641904,4.0631914,4.0630064,4.0719266,4.0678496,4.0622406,4.0716205,4.0644784,4.060028,4.0684114,4.0606146,4.056151,4.0593953,4.0587525,4.0576477,4.068568,4.0572057,4.060573,4.065325,4.0562587,4.064758,4.0717716,4.0566053,4.059881,4.0594897,4.0596848,4.059175,4.048497,4.050132,4.021912,4.0054803,4.0067077,3.9845977,3.975215,3.9471948,3.9214113,3.9093635,3.9069736,3.8913882,3.8702796,3.838468,3.828181,3.818859,3.7894914,3.7816513,3.764918,3.7545042,3.7366533,3.7304804,3.7101111,3.6980488,3.6933143,3.6779025,3.675347,3.6535435,3.655396,3.647281,3.6452098,3.6511989,3.6419141,3.636502,3.6373742,3.6402895,3.6322103,3.6318548,3.6336374,3.628309,3.6314998,3.631688,3.6331725,3.6312644,3.6305447,3.6305864,3.639801,3.648614,3.6427124,3.647518,3.642519,3.6551342,3.6463168,3.6561344,3.6608114,3.6775897,3.6855774,3.701983,3.7039862,3.7189322,3.7233706,3.732058,3.731,3.7425842,3.7367659,3.7509093,3.764151,3.7755997,3.7784173,3.7985156,3.8024578,3.8151782,3.8248658,3.8329148,3.8353357,3.8514555,3.8512154,3.8514745,3.853813,3.888898,3.9030101,3.8901126,3.921973,3.9291413,3.9388187,3.9524727,3.9576573,3.9666302,3.9681296,3.9711263,3.9718778,3.9918284,4.0016885,3.9998715,4.0023036,4.0126443,4.019243,4.001273,4.0184693,4.0273447,4.0225234,4.028511,4.033327,4.028322,4.0336766,4.034325,4.025203,4.0254416,4.033103,4.0201426,4.0144134,4.0248446,4.0128093,4.0366,4.0309744,4.017978,4.030085,4.0141244,3.999238,3.9908571,3.95124,3.9343557,4.009124,4.015741,4.032337,4.0449142,4.0637784,4.0702114,4.0763493,4.073478,4.0891933,4.090264,4.0948477,4.094786,4.0970373,4.1106715,4.118141,4.120394,4.112987,4.1183887,4.1141734,4.1180882,4.110836,4.117448,4.1161585,4.114178,4.1260595,4.124308,4.123078,4.125371,4.119105,4.1213727,4.1220913,4.1230955,4.1252418,4.111881,4.1293464,4.119801,4.1159854,4.1299767,4.1285367,4.12128,4.1341305,4.127841,4.124403,4.154477,4.1587825,4.1546264,4.1549487,4.158512,4.1594477,4.164323,4.1712627,4.1660275,4.1644006,4.166647,4.170647,4.1686187,4.16895,4.1728926,4.176792,4.1676393,4.179161,4.1660447,4.1609716,4.1594987,4.1576643,4.156076,4.151784,4.1440463,4.139689,4.1264863,4.1179075,4.121949,4.122239,4.113432,4.118516,4.109949,4.107753,4.096039,4.089431,4.085402,4.0952163,4.0911517,4.08784,4.068386,4.072175,4.0728335,4.0730634,4.0775313,4.0689125,4.061555,4.0794826,4.066609,4.075128,4.067995,4.0653014,4.073903,4.1046705,4.091823,4.0939713,4.0896745,4.087847,4.093154,4.090434,4.089713,4.0952067,4.0904007,4.0950007,4.0863233,4.0923347,4.083639,4.0804625,4.06492,4.0696154,4.074774,4.073948,4.056247,4.050025,4.052877,4.0437975,4.0495167,4.029542,4.032422,4.020992,4.01491,4.0198703,4.011442,4.0054617,3.9938152,3.9933105,4.0018225,4.0024457,3.9954286,3.9936914,3.9926782,4.001313,3.9994678,4.0042324,3.999542,3.9964252,3.9978778,3.99534,4.0008655,4.0100927,4.006809,4.0139675,4.004466,4.0141053,4.010998,4.0250187,4.021389,4.019918,4.038791,4.0432377,4.0458574,4.0416284,4.0476694,4.0388436,4.0522714,4.0553465,4.043606,4.05205,4.0660176,4.0486903,4.0548954,4.057149,4.0544143,4.058526,4.0602884,4.0613513,4.0429873,4.0507874,4.049501,4.046002,4.050933,4.049438,4.046108,4.054669,4.0581665,4.0410156,4.0388446,4.0463552,4.045587,4.0411,4.039985,4.042139,4.050506,4.0313993,4.0350957,4.0589375,4.0484653,4.034108,4.0482364,4.044185,4.0456963,,,,,,,,,,,,,,,,,,,,,,,,,,
4.061533,4.0789967,4.056704,4.0667367,4.0636864,4.065193,4.0694866,4.066116,4.0627904,4.0585337,4.058879,4.0610366,4.064668,4.051959,4.067206,4.066029,4.056427,4.057348,4.0499253,4.0402746,4.0477753,4.048227,4.037319,4.039156,4.038321,4.032,4.045671,4.024122,4.0289736,4.0292935,4.0281997,4.0085464,4.016286,4.004493,4.0042543,4.0008326,3.999333,4.0032735,4.00509,3.9970658,4.0072618,4.004126,4.004837,3.994431,4.0060906,3.9838736,3.9929585,3.9907925,3.9855044,3.9856963,3.984944,3.9766648,3.9696147,3.9672503,3.9548364,3.9506936,3.9421346,3.9323535,3.9214451,3.917659,3.8932714,3.8896303,3.8768601,3.8627362,3.8433962,3.8130617,3.7840116,3.7676747,3.754204,3.7434297,3.7156868,3.7112207,3.7043588,3.7030616,3.6960816,3.67386,3.650664,3.6541233,3.6557693,3.6513152,3.6407456,3.6162763,3.6205573,3.6043067,3.6053157,3.5982013,3.6021185,3.597189,3.5929234,3.6017444,3.595437,3.5926132,3.6002698,3.5881324,3.5985901,3.5998285,3.5984018,3.5996912,3.5959365,3.5994048,3.6012423,3.6046555,3.602788,3.6077023,3.6080482,3.615114,3.6170356,3.6323102,3.6339166,3.6487114,3.6372826,3.6504052,3.6627314,3.6690705,3.6661339,3.6619995,3.6717954,3.6794581,3.674182,3.6973765,3.6976268,3.7305171,3.7314856,3.7486813,3.7716742,3.7745173,3.7837663,3.7933872,3.790845,3.788444,3.7989585,3.8059292,3.80366,3.8141408,3.8148866,3.8121083,3.8201272,3.8275635,3.833827,3.8432207,3.8467734,3.8572104,3.8573196,3.858866,3.8517265,3.8297722,3.792298,1.2970113,2.148717,3.918173,3.907358,3.899022,3.9084036,3.960044,3.9729023,3.9697897,3.9786232,3.9835858,3.9858496,3.9800763,4.0020714,4.0099673,4.0209794,4.011811,4.0231647,4.0387306,4.0398927,4.042808,4.0408335,4.05588,4.06428,4.071279,4.0802317,4.1054235,4.094559,4.1042485,4.112462,4.1172776,4.1069393,4.1119037,4.1100516,4.1178427,4.1291738,4.1310277,4.1369333,4.137643,4.137996,4.144252,4.144456,4.152055,4.1563673,4.158254,4.1674023,4.179898,4.183477,4.1821218,4.1884828,4.19601,4.207715,4.2071834,4.2032256,4.2094646,4.205923,4.212396,4.206388,4.21171,4.226006,4.234697,4.221397,4.222849,4.231817,4.238759,4.2446775,4.2478933,4.250551,4.2532697,4.256006,4.2612214,4.2570176,4.2666526,4.2594523,4.2668877,4.2601814,4.2616444,4.2708197,4.2709646,4.279127,4.2863216,4.2916026,4.289032,4.285963,4.293315,4.3084636,4.3063745,4.302212,4.2913284,4.291433,4.2974987,4.291891,4.2949886,4.2814918,4.2947025,4.288302,4.289908,4.282166,4.285235,4.29038,4.293345,4.2878447,4.289866,4.288348,4.29005,4.2886405,4.2864513,4.2907786,4.281289,4.29025,4.281394,4.2939687,4.2864633,4.293989,4.2893996,4.2969217,4.288204,4.287487,4.284785,4.296717,4.290616,4.294325,4.2874503,4.293022,4.294927,4.2957478,4.2872405,4.289776,4.293894,4.277241,4.281073,4.280584,4.2738976,4.2815723,4.2842393,4.2688775,4.272097,4.2761173,4.2726884,4.2715592,4.2680254,4.2688413,4.2658057,4.262919,4.2676954,4.269221,4.2590675,4.2593665,4.2594843,4.2560534,4.249498,4.2701225,4.2641616,4.260015,4.2621665,4.265525,4.268368,4.2578917,4.2658854,4.263701,4.2559123,4.2585683,4.2563496,4.258555,4.2617803,4.264594,4.2466645,4.2512836,4.2590694,4.251352,4.251729,4.255553,4.2564173,4.2566667,4.2544284,4.2577553,4.250963,4.2554884,4.2564464,4.252431,4.2463207,4.2376294,4.237411,4.2388473,4.2390704,4.2374053,4.2409177,4.234376,4.2419567,,,,,,,,,,,,,,,,,,,,,,,,,,,,,,,,,,,,,,,,,,,,,,,,,,,,,,,,,,,
3.971518,3.9691463,3.9570227,3.9568503,3.9480991,3.9451392,3.955001,3.9460247,3.9535198,3.9518502,3.9568467,3.9497428,3.957915,3.9548538,3.9480724,3.96482,3.97008,3.960053,3.95552,3.9644876,3.9761443,3.957426,3.9647753,3.9704757,3.969327,3.9793649,3.9607723,3.9886847,3.9863043,3.976498,3.975795,3.986631,3.9802928,3.9889517,3.986086,3.9848263,3.9900334,3.991632,3.9880097,3.9917843,3.9984717,3.989195,4.0025854,3.9922101,4.0009866,4.0044227,4.0060363,4.0055695,3.9949946,3.9939678,3.9926398,3.9890614,3.9766474,3.9790864,3.953666,3.9329255,3.9273634,3.9109118,3.898754,3.8724523,3.8506303,3.8212957,3.8159833,3.803089,3.7822077,3.773151,3.7400112,3.7087016,3.6946142,3.676447,3.6550183,3.6478705,3.6386535,3.621437,3.6222942,3.6164043,3.6107867,3.5954633,3.5985003,3.569204,3.556642,3.5448651,3.5320544,3.513218,3.508129,3.507037,3.5019104,3.4888427,3.4923742,3.4916353,3.493227,3.4763381,3.4804144,3.4905038,3.4790483,3.4765694,3.479181,3.488009,3.4854732,3.4860723,3.522539,3.5122309,3.515405,3.5278044,3.5257566,3.540969,3.5507731,3.5558903,3.5705745,3.5739818,3.5864146,3.5973263,3.6028204,3.604746,3.6162276,3.6220734,3.6263916,3.6360066,3.6440294,3.6428895,3.654622,3.6577394,3.6832557,3.6866953,3.6835508,3.7089896,3.7256804,3.7229457,3.7351124,3.75165,3.7518513,3.756035,3.7782245,3.7809522,3.7953897,3.796718,3.7988055,3.8229377,3.823616,3.8327029,3.8351126,3.835728,3.851473,3.856474,3.8445747,3.850259,3.8475604,3.8694735,3.8558733,3.886511,3.8661659,3.8860958,3.8896575,3.8924909,3.8895726,3.889074,3.8900952,3.892533,3.8950424,3.892589,3.8927405,3.88957,3.9075046,3.9106731,3.9080365,3.8888822,3.8819363,3.9052048,3.871813,3.86547,3.861746,3.8608408,3.9234715,3.8787768,3.8975868,3.9345872,3.880033,3.9363253,3.9393885,3.9562793,3.9463718,3.951502,3.9632292,3.9787748,3.988273,3.9841745,3.9958909,3.9966059,4.008367,4.01633,4.0087337,4.0143576,4.0246716,4.029736,4.043006,4.0201664,4.037833,4.038958,4.04426,4.047866,4.045249,4.0512247,4.051608,4.0418377,4.04921,4.0479937,4.0465655,4.049807,4.046822,4.048294,4.0523157,4.0495424,4.049678,4.05167,4.04956,4.0475383,4.0554533,4.0552616,4.0542297,4.05398,4.061408,4.0596323,4.05968,4.0672956,4.0652804,4.0626864,4.072323,4.067037,4.0693827,4.0718164,4.06903,4.0753355,4.06986,4.074046,4.0760293,4.070228,4.068254,4.065213,4.0677557,4.0654216,4.066622,4.0668783,4.0715213,4.058982,4.061688,4.062373,4.0622706,4.055428,4.068372,4.0513506,4.0578427,4.0619016,4.049336,4.062458,4.0593944,4.0477734,4.0458117,4.0519004,4.0545607,4.0438356,4.029131,4.0290117,4.0370407,4.029975,4.040862,4.047949,4.0467267,4.024969,4.0323477,4.027107,4.038508,4.04838,4.027121,4.035939,4.0305576,4.0265746,4.03544,4.0304193,4.0190454,4.018783,4.0193524,4.0236673,4.016199,4.020499,4.019111,4.0226884,4.019008,4.0255027,4.004853,4.0083785,4.0203586,3.9931421,3.9903271,3.99019,3.991947,3.9964588,3.9887326,3.9760094,3.9768672,3.9841266,3.9746547,3.9646385,3.958731,3.9622428,3.9564123,3.9522097,3.9572287,3.932666,3.9271915,3.9306939,3.930522,3.9289343,3.920077,3.9232821,3.9190352,3.914971,3.917508,3.9132965,3.9207368,3.9167433,3.9157085,3.9161823,3.9185028,3.9131386,3.918154,3.915771,3.9130988,3.923505,3.9050815,3.913647,3.9093125,3.915963,3.9071376,3.9090316,3.9014196,3.9075727,3.9158409,3.9075425,3.9055712,3.901143,3.9134188,3.9047325,3.916427,3.9214256,3.9115589,3.9117925,3.9140813,3.923867,3.930503,3.930938,3.9349232,3.9377627,3.9252734,3.9298742,3.9334614,3.9438496,3.9413767,3.9198034,3.942944,3.9410605,3.9340208,3.9315023,3.9548662,3.9298694,3.9497583,3.9476306,3.9419162,3.9686644,3.9476418,3.9384782,3.9364927,3.940114,3.9517612,3.9500034,,,,,,,,,,,,,,,,,,,,,
4.0664153,4.061105,4.064975,4.05432,4.056156,4.051092,4.0538282,4.0559654,4.0497637,4.057376,4.045004,4.064664,4.057286,4.0504365,4.056324,4.052695,4.0502963,4.0535626,4.0491858,4.0554295,4.053948,4.0542817,4.0431046,4.049818,4.050812,4.0598555,4.0430684,4.049361,4.0448065,4.0386715,4.0452986,4.042799,4.0425267,4.0487776,4.040212,4.0473294,4.038173,4.042757,4.044613,4.0464354,4.0408907,4.0431867,4.0471535,4.0370245,4.0582886,4.052197,4.056468,4.05324,4.04648,4.0532017,4.053504,4.0443726,4.043083,4.039413,4.0384283,4.0395246,4.0179157,4.0096374,3.9827702,3.9649217,3.9554548,3.9371417,3.9273906,3.9230917,3.906478,3.8968184,3.887692,3.8784184,3.8577585,3.8335629,3.8187723,3.8112621,3.7980812,3.7872148,3.7768788,3.764199,3.7604618,3.7367487,3.722866,3.7296224,3.7245934,3.7137885,3.7125714,3.705214,3.7135272,3.7038155,3.6965196,3.6925657,3.7082741,3.7071526,3.6916564,3.693352,3.6855404,3.6882133,3.7031817,3.681854,3.6943371,3.7048037,3.7006896,3.6985116,3.7054152,3.7181275,3.7187362,3.717093,3.725111,3.7210476,3.734376,3.7391648,3.7376301,3.744874,3.7432199,3.7513046,3.7584174,3.7569146,3.7689493,3.7803133,3.7873304,3.7906327,3.8050325,3.813547,3.819696,3.8444266,3.841393,3.8510342,3.8493562,3.8650577,3.8724148,3.8836854,3.8913932,3.8989427,3.9118419,3.914138,3.9117582,3.9191496,3.9220686,3.928062,3.9381888,3.9401824,3.945774,3.9500394,3.9453497,3.9665475,3.970534,3.9984043,3.9945607,4.0102053,4.020582,4.0273757,4.0312343,4.046013,4.040847,4.048363,4.054264,4.0582604,4.05035,4.0750194,4.0804343,4.081322,4.0856285,4.090564,4.0898066,4.099337,4.1071334,4.105726,4.1089735,4.111367,4.123459,4.122714,4.132763,4.1468086,4.1478014,4.1594386,4.1643834,4.16935,4.169881,4.1722045,4.1755495,4.192351,4.213463,4.2162905,4.2256837,4.227079,4.2156405,4.234525,4.233879,4.237109,4.2378473,4.224521,4.2157574,4.1841803,2.3791802,3.2282395,3.546837,3.5410938,3.6042912,3.607764,4.3430886,4.3347716,4.3190126,4.3138595,4.3137894,4.304859,4.422071,4.3425927,4.359068,4.353725,4.357518,4.357216,4.3412623,4.339839,4.3454022,4.3383603,4.339166,4.335004,4.333396,4.3264956,4.3265595,4.3245063,4.3242493,4.3249187,4.3322387,4.3273764,4.3312006,4.32314,4.315356,4.3166337,4.274058,4.268789,2.2180948,4.181104,4.3710723,3.7025554,4.2954464,4.3060584,4.2627234,4.2901297,4.312523,4.1515856,4.1861205,4.2255316,4.236839,4.2174344,4.215395,4.21003,4.206635,4.1928873,4.1976395,4.1888742,4.195337,4.18467,4.172951,4.170856,4.170352,4.16929,4.1593466,4.161006,4.1646843,4.16026,4.1581116,4.156359,4.156395,4.152166,4.151788,4.146103,4.151057,4.139023,4.128543,4.140309,4.1320643,4.124192,4.126866,4.1136923,4.1261163,4.114749,4.115301,4.1160965,4.108683,4.1012897,4.108196,4.112706,4.11518,4.1076612,4.1109867,4.098999,,,,,,,,,,,,,,,,,,,,,,,,,,,,,,,,,,,,,,,,,,,,,,,,,,,,,,,,,,,,,,,,,,,,,,,,,,,,,,,,,,,,,,,,,,,,,,,,,,,,,,,,,,,,,,,
4.067844,4.0689483,4.0701027,4.071907,4.0756135,4.0655813,4.070157,4.0676184,4.0697193,4.0694923,4.074865,4.068636,4.0780272,4.0718384,4.0702457,4.0725713,4.072969,4.067407,4.0692244,4.0742526,4.0661187,4.070477,4.0722313,4.069431,4.071766,4.092629,4.0781884,4.0864983,4.080426,4.086572,4.085023,4.0956054,4.09419,4.089877,4.089518,4.092192,4.095813,4.0918865,4.090239,4.0853925,4.0964184,4.0948896,4.0952134,4.091614,4.09984,4.0966,4.096129,4.0913777,4.0923696,4.078357,4.0831523,4.0776997,4.0735197,4.0637107,4.0499673,4.0278525,4.0096593,3.985182,3.9593208,3.942053,3.9048975,3.9079833,3.894021,3.8705842,3.854419,3.8389378,3.8184464,3.7965014,3.7605495,3.743117,3.7509935,3.7426832,3.7230241,3.7154388,3.7110183,3.6924083,3.6817882,3.6750467,3.6380267,3.6535828,3.638007,3.6306484,3.6180394,3.612452,3.6136048,3.6027803,3.609079,3.5869017,3.600434,3.590057,3.586447,3.5678833,3.5867732,3.5730994,3.5744798,3.5760047,3.568773,3.5743074,3.5843606,3.5960934,3.5922887,3.5954492,3.606175,3.6054504,3.6067326,3.6030428,3.621291,3.6097224,3.6267815,3.6448727,3.6351228,3.6442914,3.647375,3.6570535,3.672754,3.685686,3.6867375,3.688696,3.7103803,3.7161722,3.7177572,3.7329333,3.7406478,3.7576165,3.7624652,3.7685194,3.7680986,3.776785,3.7871416,3.7892354,3.8037004,3.81775,3.811548,3.8226,3.825574,3.8202555,3.8298452,3.850513,3.8417647,3.8458245,3.8639405,3.8700988,3.873746,3.8762333,3.887265,3.8914862,3.8895705,3.8904629,3.898305,3.8901572,3.8902278,3.8897583,3.882731,3.880796,3.8879864,3.8928938,3.8894086,3.8876631,3.884485,3.86629,3.8629143,3.863846,3.9456284,3.9410217,3.9175818,3.9323826,3.918111,3.938743,3.9505396,3.9439962,3.95242,3.9627235,3.9843967,3.990243,4.0005374,4.001201,4.008407,4.013125,4.020863,4.019939,4.0164657,4.0253053,4.0319157,4.0279818,4.032877,4.0595603,4.063928,4.0498233,4.054544,4.05958,4.061315,4.0621634,4.071195,4.0699906,4.0715365,4.0935163,4.081462,4.100585,4.084347,4.095771,4.094241,4.0925527,4.0933475,4.1154037,4.1102376,4.11179,4.1116033,4.1225,4.120478,4.1228714,4.1244206,4.1283903,4.134099,4.1391525,4.1353655,4.1524153,4.1448364,4.151716,4.162533,4.1685576,4.1693945,4.16852,4.170226,4.1689487,4.170573,4.1696057,4.168621,4.1734376,4.183982,4.1573224,4.1852503,4.1784377,4.1838045,4.188414,4.194691,4.1956224,4.1945696,4.201649,4.1944556,4.2073255,4.2052164,4.2015266,4.2115283,4.2144485,4.2181153,4.2193565,4.216776,4.222134,4.2174926,4.2172947,4.221604,4.210686,4.2149343,4.2173066,4.21474,4.216319,4.2090893,4.223949,4.2142262,4.2286105,4.225442,4.224195,4.2201643,4.2322855,4.225759,4.2286487,4.2172313,4.2114406,4.2127123,4.218305,4.2098784,4.207787,4.2171702,4.217688,4.2125506,4.204277,4.2105546,4.1839724,4.2002563,4.2032094,4.192072,4.1997657,4.195004,4.197488,4.191723,4.1917124,4.1964364,4.1897993,4.200509,4.1850066,4.1815395,4.178479,4.1959424,4.1888356,4.191793,4.1902766,4.1730943,4.1731224,4.157777,4.1755576,4.167986,4.1794806,4.176962,4.173037,4.176324,4.1770043,4.1842194,4.16655,4.1793504,4.1871696,4.1847987,4.191225,4.1846824,4.1806135,4.186566,4.192925,4.191705,4.189804,4.1878834,4.1937366,4.193677,4.192943,4.1879244,4.187566,4.1887994,4.1845427,4.18371,4.187092,4.1888075,4.1857314,4.1853147,4.195436,4.198326,4.18857,4.1901894,4.1841974,4.1942024,4.1885953,4.1965585,4.203686,4.200513,4.1969705,4.19736,4.200164,4.197118,4.2100163,4.1992,4.1962986,4.2001367,4.1961207,4.204768,4.204164,4.1963663,4.1895294,4.202628,4.1905103,4.20119,4.2032824,,,,,,,,,,,,,,,,,,,,,,,,,,,,,,,,,,,,,
4.141811,4.1418953,4.142304,4.1518755,4.1487656,4.1435847,4.1311984,4.143004,4.1434,4.1541524,4.139806,4.1486535,4.1520452,4.150353,4.148696,4.141257,4.138614,4.133973,4.142401,4.1287966,4.1340322,4.1405845,4.130825,4.1374445,4.132078,4.1392884,4.134092,4.126258,4.12547,4.1293216,4.1263156,4.117295,4.123068,4.11248,4.120345,4.106607,4.1117787,4.1116543,4.1054363,4.107507,4.1084356,4.1034393,4.098255,4.0974603,4.0966916,4.0928664,4.098467,4.0830283,4.087795,4.0657897,4.063354,4.048226,4.029423,4.027033,4.0213366,3.9931235,3.9808252,3.964015,3.9552112,3.9186563,3.8959346,3.871983,3.8476264,3.8208783,3.823796,3.792208,3.7695456,3.7596025,3.7292435,3.70113,3.693428,3.6682215,3.65936,3.6386662,3.6252525,3.6190212,3.6108432,3.611529,3.5966246,3.5890172,3.5912867,3.5742655,3.5629532,3.5634866,3.553076,3.539045,3.5330536,3.534017,3.526322,3.523109,3.5261657,3.5184982,3.5283246,3.5213876,3.5218906,3.5173914,3.5187774,3.5183868,3.5272064,3.5250297,3.5223687,3.527521,3.525914,3.5444896,3.548181,3.544894,3.5597835,3.566227,3.5560718,3.5742395,3.5857985,3.591656,3.607682,3.6095488,3.5887966,3.6122782,3.6265929,3.644291,3.6397288,3.6585648,3.664145,3.6665714,3.667828,3.685757,3.679697,3.6945739,3.697499,3.7222114,3.7224152,3.726765,3.7454429,3.7544382,3.7690666,3.7722874,3.7517946,3.7584922,3.756669,3.7711031,3.7605455,3.754708,3.7669814,3.7500377,3.764284,3.7393405,3.7421668,3.738092,3.7277668,3.7182202,3.6988776,3.7092204,3.686361,3.7020607,3.7259407,3.7280638,3.7351277,3.7685332,3.766141,3.788382,3.785107,3.8019302,3.8102844,3.8153849,3.8143053,3.8172648,3.8225331,3.8310633,3.8462946,3.8392718,3.8496234,3.853617,3.8679142,3.8821464,3.8714914,3.877819,3.8907337,3.891319,3.893108,3.890847,3.890859,3.8978004,3.9063544,3.9075067,3.9028862,3.9056628,3.9058914,3.9201899,3.9186356,3.9196846,3.9218795,3.9181848,3.921021,3.9260087,3.9283917,3.9301271,3.9370399,3.949337,3.9503856,3.9623678,3.9650867,3.9741964,3.979546,3.9838471,3.9862778,3.9851618,3.9851315,4.000441,4.0069237,4.001799,3.9999394,4.0069804,4.0077024,4.0181594,4.026224,4.032403,4.026914,4.0375776,4.0308533,4.0303516,4.0326867,4.028938,4.0330215,4.028293,4.0349555,4.035151,4.0696063,4.082689,4.083536,4.0793605,4.082943,4.081436,4.087274,4.0977645,4.096019,4.0915008,4.1080265,4.0936575,4.107019,4.1104546,4.113663,4.1193733,4.111723,4.106263,4.1183457,4.111044,4.1142416,4.115596,4.116314,4.1092257,4.1058474,4.1175694,4.1186767,4.1242056,4.1129055,4.1041684,4.11254,4.1096888,4.0980043,4.10487,4.0983095,4.101924,4.0879035,4.07817,4.088081,4.0978036,4.0801854,4.075804,4.0692067,4.0691223,4.0834384,4.0856166,4.0788045,4.0634246,4.0641866,4.059586,4.056052,4.0524597,4.057997,4.051029,4.05593,4.049811,4.0553946,4.0531664,4.05517,4.05866,4.0533237,4.0510087,4.0438714,4.0589876,4.0445123,4.056689,4.0468373,4.0503554,4.046131,4.0471854,4.043741,4.0445275,4.0333657,4.0434594,4.0500407,4.056138,4.0487986,4.0433564,4.0484686,4.0737295,4.054809,4.0690575,4.071117,4.0734982,4.066725,4.075843,4.0725365,4.085054,4.0781035,4.0857162,4.084057,4.090214,4.0866714,4.0906863,4.093131,4.085493,4.083943,4.087557,4.0890794,4.094753,4.096063,4.095414,4.1005316,4.086849,4.080274,4.08712,4.081372,4.0824823,4.082532,4.0824842,4.0861707,4.09267,4.084061,4.090909,4.0937138,4.093059,4.0859003,4.084997,4.0834646,4.0910006,4.0959287,4.0908027,4.0911164,4.0917516,4.0901804,4.0980406,,,,,,,,,,,,,,,,,,,,,,,,,,,,,,,,,,,,,,,,,,,,,
4.0832314,4.094312,4.0849867,4.0882726,4.0813203,4.1001644,4.0858107,4.096267,4.089649,4.0949473,4.0931168,4.0947948,4.088315,4.0907435,4.1007004,4.0998416,4.099537,4.1094747,4.109602,4.1127787,4.1075,4.1223955,4.1286263,4.1166306,4.130006,4.130056,4.1381845,4.1421313,4.144285,4.151188,4.1643,4.1525793,4.163061,4.16524,4.153458,4.167234,4.173827,4.171589,4.174303,4.1856184,4.184188,4.1844444,4.1740465,4.1779656,4.175218,4.1852236,4.1984057,4.1853447,4.1871715,4.1963725,4.196648,4.1855307,4.1801167,4.1814547,4.173474,4.172677,4.166494,4.1543145,4.138269,4.1263175,4.1095467,4.0941157,4.0607615,4.0547814,4.028599,4.0180206,4.011214,3.9846964,3.9736106,3.961205,3.9539948,3.941493,3.9156451,3.9128606,3.8844595,3.8658268,3.8547122,3.8484924,3.844242,3.845884,3.8417997,3.8142567,3.8079467,3.8133094,3.8096113,3.8099,3.8064225,3.7978933,3.795744,3.7920835,3.7904015,3.7905178,3.7929938,3.7891388,3.78877,3.7820666,3.786085,3.7814445,3.781692,3.793122,3.7885725,3.7966425,3.806215,3.7976875,3.806484,3.8110716,3.8267944,3.8362222,3.8306894,3.8307602,3.8243532,3.8697162,3.8811057,3.8649824,3.8753805,3.8764634,3.8943424,3.9002783,3.904659,3.9089618,3.9095595,3.9287665,3.925568,3.9327044,3.9295878,3.937855,3.9436486,3.9448552,3.9482343,3.9459424,3.9560125,3.9596047,3.9584692,3.9860318,3.9731543,3.9875898,3.9877086,4.0031686,3.9978578,4.0014353,3.9933636,4.009465,4.001624,4.01882,3.9984367,3.9990404,3.9970446,4.0051565,4.012182,4.015772,4.005294,3.992338,3.9646564,3.9424312,3.980782,2.3660617,4.039262,4.0968885,4.055714,4.05832,4.085798,4.105117,4.1241713,4.122685,4.116736,4.1218786,4.1286745,4.1430907,4.1567636,4.1728363,4.1721253,4.1767745,4.1873164,4.1918454,4.1851964,4.19916,4.201592,4.1924753,4.1983743,4.193018,4.2089515,4.214827,4.2149825,4.2200246,4.2362537,4.239613,4.243418,4.2397532,4.237168,4.2521625,4.2521696,4.252658,4.255417,4.2571144,4.269306,4.269435,4.273627,4.269483,4.277328,4.280675,4.280028,4.268245,4.2737308,4.2903953,4.2843814,4.2869716,4.285078,4.292873,4.280004,4.274048,4.2800007,4.2976036,4.2913847,4.28067,4.304833,4.3052306,4.3082056,4.313492,4.3062325,4.3154554,4.309663,4.307895,4.304907,4.3013015,4.306521,4.304642,4.2918286,4.2909865,4.288776,4.2923875,4.2867637,4.2954993,4.297296,4.2899017,4.3045845,4.290996,4.293594,4.2857127,4.294358,4.301803,4.2859993,4.290138,4.2877636,4.2955117,4.287976,4.2984295,4.286846,4.297891,4.285582,4.286444,4.2919683,4.291425,4.289281,4.287603,4.2845826,4.288286,4.2875485,4.2926903,4.2901025,4.2915964,4.29962,4.2912607,4.293087,4.3104715,4.2941585,4.2926407,4.286687,4.29396,4.273206,4.289058,4.2820144,4.267544,4.274093,4.275828,4.267184,4.2548356,4.254034,4.257705,4.2549524,4.255522,4.2464986,4.252156,4.253343,4.2402163,4.2426667,4.2462263,4.231196,4.2214756,4.22,4.223525,4.2192154,4.2206926,4.2348332,4.2163353,4.2297826,4.2213073,4.228335,4.21971,4.2152877,4.2105446,4.203686,4.201565,4.2163715,4.2273,4.213064,4.2091265,4.2147894,4.2064347,4.226542,4.2208753,4.223471,4.2276773,4.230473,4.2399945,4.2303343,4.2306886,4.247835,4.24164,4.2371607,4.237826,4.242657,4.2544937,4.252914,4.2525764,4.252348,4.250785,4.2588906,4.251973,4.249922,4.2449937,4.2558174,4.261466,4.255221,4.2692537,4.2608075,4.282332,4.28543,4.2804923,4.278613,4.278983,4.281503,4.2736707,4.2763166,4.2653785,,,,,,,,,,,,,,,,,,,,,,,,,,,,,,,,,,,,,,,,,,,,,,,,,,,
4.1632876,4.1707244,4.169717,4.1717324,4.169132,4.177327,4.18362,4.184428,4.1819043,4.1939573,4.1968184,4.190091,4.1922727,4.198291,4.1781707,4.1886897,4.1938415,4.194009,4.18394,4.191932,4.1964264,4.1991587,4.189738,4.1970034,4.197167,4.195468,4.1976666,4.192982,4.1982217,4.1903276,4.201652,4.1935177,4.181168,4.1951675,4.197471,4.195407,4.184673,4.1970334,4.192599,4.199325,4.193422,4.202487,4.2011023,4.197001,4.2058463,4.19454,4.2123966,4.1943536,4.1969748,4.1923695,4.179046,4.176536,4.1717052,4.1451683,4.125513,4.113995,4.1140285,4.094565,4.0891757,4.0747538,4.0626583,4.035945,4.015964,4.000651,3.965017,3.9375405,3.9267278,3.9073749,3.886014,3.885632,3.8790565,3.8739839,3.865894,3.8460464,3.8396444,3.8229687,3.8068438,3.793957,3.7837343,3.7872057,3.7566009,3.756981,3.743154,3.7460365,3.7402349,3.7322245,3.7481837,3.7420614,3.7367897,3.737086,3.7235162,3.7224905,3.7179122,3.719818,3.7174,3.7158844,3.7167404,3.7217367,3.7253983,3.7233653,3.7351065,3.7459328,3.7484715,3.7428749,3.7465687,3.7565799,3.7388856,3.760728,3.7706282,3.781781,3.7914286,3.787076,3.7897174,3.7978132,3.8038018,3.8060603,3.8227487,3.8216803,3.8418217,3.8422592,3.8538775,3.8543148,3.8721669,3.8683584,3.8717303,3.8938076,3.8978462,3.9016042,3.91235,3.9271877,3.9296358,3.9294136,3.9392793,3.9374957,3.9529893,3.9620743,3.9542413,3.9487782,3.9604118,3.964452,3.971763,3.9768627,3.9708142,3.9821465,3.9853404,3.9863915,3.996808,3.9948344,3.9979374,3.9985523,4.011924,4.016959,4.0175333,4.0223765,4.0162077,3.998006,3.9926183,3.9800477,3.9463923,3.9757817,3.831939,4.0779214,4.0628223,4.034682,4.051501,4.067184,4.0587325,4.072217,4.0649357,4.0810013,4.086006,4.0933223,4.1164083,4.1244216,4.135414,4.1373596,4.1541643,4.1402645,4.1433268,4.1578875,4.160609,4.165616,4.1625757,4.1687794,4.1656847,4.183053,4.1809707,4.190324,4.1891203,4.1936746,4.1870666,4.1850977,4.1917596,4.1946034,4.2011137,4.1921897,4.199614,4.2087,4.204922,4.207867,4.208813,4.2109528,4.228125,4.2052565,4.2188635,4.2146015,4.2322454,4.235621,4.2261386,4.220224,4.229992,4.219401,4.2439103,4.2458577,4.2244225,4.2369895,4.236194,4.241644,4.2374215,4.2534876,4.25647,4.246158,4.2563496,4.2328105,4.230659,4.224678,4.2452073,4.245854,4.2402,4.227925,4.2381725,4.2378263,4.2348905,4.2312317,4.2337213,4.228474,4.229714,4.232847,4.2322087,4.222149,4.2257266,4.220239,4.2200284,4.2148976,4.214577,4.2241707,4.2128553,4.217021,4.2157054,4.214351,4.1995864,4.2139506,4.2097225,4.206795,4.2069464,4.2151494,4.209348,4.2038016,4.178344,4.183188,4.178787,4.171762,4.1773987,4.1737504,4.1701736,4.1771173,4.1696634,4.176235,4.1649003,4.1719804,4.1719623,4.17297,4.1672,4.1633573,4.1618533,4.1700454,4.1730614,4.17568,4.1656146,4.1709485,4.1619062,4.170388,4.1647735,4.1678486,4.1562657,4.160143,4.161173,4.163654,4.163446,4.162355,4.1577415,4.158257,4.155535,4.1582627,4.1573896,4.1651216,4.1576734,4.1529794,4.1497655,4.1524405,4.1617975,4.155495,4.155755,4.1507473,4.1535497,4.158872,4.1515055,4.162988,4.1607757,4.159432,4.1567125,4.158392,4.1595526,4.160771,4.1571245,4.166378,4.167761,4.1666346,4.1665845,4.1601257,4.1667027,4.1505365,4.1531944,4.145904,4.1561704,4.167642,4.1651254,4.1647124,4.1677065,4.1676908,4.165881,4.1662407,4.1740265,4.1575036,4.159051,4.1674924,4.1643367,4.1489396,4.1675415,4.1380057,4.1487765,4.15539,4.159432,4.1457195,,,,,,,,,,,,,,,,,,,,,,,,,,,,,,,,,,,,,,,,,,,,,,,,,,,
3.9271288,3.921871,3.9154868,3.9072466,3.9105785,3.9075258,3.9138386,3.913362,3.9078584,3.9105754,3.9144945,3.9092085,3.904502,3.9137175,3.9121969,3.9102015,3.9143429,3.9152036,3.921252,3.9175904,3.9102776,3.9156845,3.9199004,3.9162505,3.9108849,3.9103868,3.909877,3.909748,3.917214,3.914918,3.9165673,3.9188213,3.9105837,3.9104345,3.919591,3.9158754,3.9173987,3.9173331,3.9178467,3.9195127,3.9192755,3.916516,3.9216254,3.930577,3.9277933,3.9309762,3.9303975,3.9366393,3.9365194,3.9334428,3.9348698,3.9325945,3.9232385,3.9198344,3.9153204,3.9061518,3.8906486,3.8831892,3.8626378,3.86173,3.846172,3.8251946,3.8192534,3.7948213,3.7728832,3.7455566,3.7421198,3.7321422,3.7240603,3.7081904,3.7113185,3.701494,3.6924121,3.689227,3.6588607,3.656549,3.6563582,3.6344235,3.6198585,3.6394324,3.6117241,3.6175826,3.6128619,3.5955489,3.6036925,3.5903685,3.5871882,3.579024,3.5832143,3.5905154,3.5815194,3.588207,3.5902648,3.5823178,3.5865512,3.5901644,3.6097453,3.6014738,3.594979,3.6083853,3.6059332,3.6134872,3.6275094,3.6200016,3.632801,3.622984,3.6278603,3.648502,3.6531384,3.6553652,3.6694014,3.6593008,3.6619098,3.683392,3.696967,3.6921575,3.7019525,3.706586,3.716599,3.7202697,3.7386298,3.7314684,3.7439785,3.747364,3.7551112,3.757614,3.7822833,3.7866292,3.7839596,3.7921202,3.7928855,3.8008723,3.8163106,3.824304,3.838442,3.8407662,3.839542,3.8411162,3.8560305,3.8677728,3.875875,3.8733046,3.8797204,3.8804264,3.8811846,3.8887236,3.8991036,3.8994784,3.8976014,3.9017773,3.9149985,3.9200954,3.9104524,3.9018722,3.892443,3.886709,3.8407638,3.8760185,4.001121,4.0497856,4.029115,3.9969923,3.998197,4.0159173,4.0275397,4.0536118,4.0489583,4.050101,4.055948,4.0454106,4.052068,4.056526,4.0519266,4.045109,4.047084,4.030911,4.0405564,4.0367165,4.036031,4.0371375,4.028578,4.0365,4.0252223,4.029016,4.030418,4.0295315,4.0258436,4.028187,4.0115438,4.015733,4.0122705,4.0178666,4.006851,4.0120883,4.0117006,4.016982,4.008896,4.014582,4.0099316,4.0164537,4.018779,4.0212564,4.0121427,4.026558,4.0161843,4.0178814,4.018845,4.016203,4.014843,4.022416,4.008146,4.027538,4.031197,4.0121117,4.0193343,4.011229,4.0055842,4.0139585,4.0146976,4.015855,4.01352,4.0120816,4.0081086,4.013367,4.007059,4.0071163,4.000972,4.0001,3.995028,3.991791,3.9837244,3.9819467,3.98737,3.98188,3.9854443,3.9875405,3.9818764,3.9741132,3.970893,3.9724963,3.97036,3.9785738,3.9661398,3.9725301,3.9751627,3.9731417,3.9747705,3.9652443,3.96032,3.9509482,3.9454596,3.9499352,3.9447956,3.958066,3.9612138,3.9610138,3.9608724,3.9565744,3.9511464,3.9602225,3.9482107,3.9479823,3.9343085,3.951783,3.937661,3.9321153,3.928833,3.9165838,3.930368,3.9246569,3.9088461,3.908982,3.9094179,3.9189816,3.9016275,3.9074216,3.9081185,3.8996577,3.8907018,3.8813539,3.867809,3.8585699,3.8658135,3.864952,3.8687756,3.8617997,3.8659983,3.8608546,3.8458478,3.8467872,3.8350627,3.8348112,3.8388538,3.8169672,3.807479,3.8125753,3.8040512,3.79006,3.7822948,3.758547,3.7807102,1.4013234,2.535665,3.7521622,3.7579777,3.7388825,3.8190124,3.784082,3.7886548,3.7828333,3.781297,3.7874808,3.7820883,3.7891226,3.7834194,3.7958276,3.7944613,3.801433,3.796404,3.8276029,3.8144817,3.8276088,3.8243244,3.8232424,3.830958,3.8325958,3.8453813,3.8334792,3.8426518,,,,,,,,,,,,,,,,,,,,,,,,,,,,,,,,,,,,,,,,,,,,,,,,,,,,,,,,,,,,,,,,,,
4.0145016,4.0176277,4.013217,4.0185146,4.012568,4.0189366,4.01456,4.0152535,4.017324,4.029328,4.0221725,4.0267076,4.0315385,4.031043,4.0218687,4.0291142,4.0249414,4.0250106,4.031085,4.027579,4.0236125,4.020653,4.01373,4.0147114,4.025643,4.0255265,4.033044,4.020812,4.0259595,4.019535,4.0220313,4.0191565,4.017364,4.023443,4.0179906,4.0182667,4.01534,4.0121336,4.02479,4.023498,4.012231,4.008069,4.013236,4.0286717,4.019283,4.0167966,4.0328074,4.010219,4.013828,4.010053,4.0068774,3.9951017,3.988822,3.9883025,3.989974,3.969651,3.95551,3.9410958,3.9065788,3.9045687,3.8849568,3.8519962,3.8160386,3.810682,3.8011305,3.7725527,3.7806585,3.777796,3.756779,3.7464712,3.7265172,3.7234333,3.706771,3.6916366,3.679837,3.6673062,3.6542318,3.64724,3.6431904,3.6371503,3.6315515,3.6371458,3.6333396,3.622237,3.605676,3.6007345,3.610516,3.598051,3.6070879,3.5980017,3.6033747,3.6014078,3.598439,3.609181,3.6125238,3.6120625,3.6115587,3.621675,3.6213093,3.6215093,3.6367552,3.6324034,3.6433585,3.6318548,3.6506019,3.65979,3.6596494,3.6790009,3.6944933,3.6953824,3.6979253,3.6950915,3.7208142,3.7203903,3.7302148,3.719409,3.7253401,3.732121,3.7451048,3.7554615,3.7711577,3.779198,3.7895114,3.8025088,3.8017318,3.8013127,3.8318975,3.8374884,3.8343751,3.837094,3.8436282,3.8438318,3.8565395,3.8474774,3.8557253,3.8701913,3.8666816,3.8972445,3.8964992,3.9104323,3.907506,3.9138975,3.9196775,3.9222093,3.9241552,3.929599,3.9321887,3.9488037,3.9373786,3.947676,3.9557273,3.9571726,3.9500287,3.9649844,3.9575808,3.9621449,3.973238,3.966621,3.9795945,3.9784188,3.9800584,3.9975605,4.0016294,4.011054,4.0131917,4.026186,4.035573,4.0447297,4.0432243,4.0343585,4.04728,4.060943,4.06529,4.0638723,4.0687156,4.0710864,4.0768566,4.074159,4.0856376,4.0874557,4.0863876,4.0974107,4.09834,4.1025624,4.0984616,4.111056,4.1088076,4.115431,4.127469,4.1249,4.1312118,4.137296,4.128644,4.144176,4.144767,4.1550345,4.1508718,4.160326,4.161564,4.1758356,4.171173,4.1721745,4.1690044,4.1752415,4.170765,4.166592,4.160096,4.1584005,4.1752725,4.1721354,4.1610236,4.1628594,4.1637816,4.151547,4.1636977,4.16405,4.1680455,4.1567245,4.167453,4.1618605,4.1557007,4.1560683,4.1514826,4.1573105,4.154122,4.155527,4.149458,4.146298,4.14765,4.143582,4.1364417,4.137584,4.126095,4.128698,4.130069,4.1221666,4.1223764,4.1073937,4.107953,4.0917764,4.103672,4.096012,4.1078057,4.1109395,4.0635085,4.0630574,3.9981444,2.1362653,1.4436551,1.9318864,4.056761,4.0372243,4.1098514,4.0489182,4.061877,4.059748,4.0510902,4.049393,4.0515695,4.0549145,4.057608,4.055097,4.064441,4.0584803,4.058426,4.0557227,4.052632,4.0536995,4.057675,4.0529275,4.0569224,4.0502405,4.05754,4.0468445,4.055263,4.0476565,4.0591125,4.051109,4.03902,4.056942,4.04678,4.0529776,4.0547047,4.064708,4.0541654,4.060982,4.0568624,4.054208,4.0519686,4.043664,4.052379,4.0451055,4.052555,4.0554495,4.0542736,4.0505466,4.048898,4.055953,4.053556,4.0628366,4.0609264,4.0627785,4.059316,4.053958,4.048076,4.052201,4.049825,4.05484,4.051897,4.052484,4.0464344,4.0502443,4.04387,4.0447574,4.0348372,4.0464716,4.0292754,4.011477,3.9861066,4.0020046,3.9944718,3.9991374,3.9975283,3.9936872,3.9994838,3.9964275,3.9914744,3.9942706,3.9844768,3.9954836,3.9870098,3.9947207,,,,,,,,,,,,,,,,,,,,,,,,,,,,,,,,,,,,,,,,,,,,,,,,,,,,,,,,,,,,,,,
4.131726,4.1272416,4.1228786,4.1265836,4.1246424,4.1122518,4.12013,4.109998,4.1256747,4.1077776,4.112772,4.1268315,4.1075783,4.11815,4.1149487,4.0965543,4.0978127,4.095724,4.088886,4.1047235,4.0831604,4.096967,4.0848145,4.0873957,4.083505,4.086366,4.0834727,4.082123,4.0897064,4.08223,4.0850725,4.0777326,4.07739,4.0722795,4.0749583,4.065821,4.078514,4.066791,4.0760736,4.0743184,4.073879,4.0810695,4.088565,4.0721955,4.086521,4.0875287,4.083146,4.0840445,4.0841403,4.076779,4.074493,4.0639586,4.056289,4.0510626,4.0402384,4.04133,4.0255833,4.006245,4.0028725,3.973394,3.9575121,3.9483304,3.9104412,3.9034927,3.8833432,3.8742723,3.866349,3.858411,3.8440657,3.8254173,3.8149207,3.8029206,3.7778597,3.7543304,3.736238,3.7341225,3.7282088,3.7164447,3.7108214,3.7051318,3.6973712,3.693555,3.700633,3.69056,3.6937282,3.6841683,3.6794024,3.6731706,3.6736214,3.6622028,3.661842,3.6677997,3.6679194,3.6664834,3.6729825,3.661176,3.6633158,3.6691718,3.6533031,3.6720774,3.6781473,3.684233,3.6869361,3.6812298,3.6897986,3.683696,3.6902022,3.6906092,3.6965218,3.6892848,3.697849,3.7032588,3.7075257,3.7044365,3.7114336,3.724867,3.7251253,3.7349868,3.7349386,3.7496016,3.7549467,3.7523816,3.757478,3.7726357,3.771458,3.780522,3.8063002,3.8094845,3.8190022,3.8375611,3.8294947,3.846291,3.8511884,3.8583868,3.8523207,3.8568115,3.861932,3.8715003,3.8736665,3.879055,3.8673959,3.8749442,3.8691196,3.8680825,3.8605459,3.8595862,3.8386002,3.8385367,3.810725,3.8175747,1.9280177,1.4572579,3.0733838,3.9191508,3.9054513,3.9252949,3.9027,3.909455,3.966335,3.9562452,3.9539113,3.9586334,3.9451232,3.9509945,3.957691,3.9655528,3.961764,3.9704676,3.968862,3.9853728,3.9867074,3.985594,3.983278,3.983294,3.9791036,3.9880168,3.9866788,3.977167,3.9796891,3.9837284,3.982561,3.983203,3.9825354,3.9853756,3.9848113,3.9967706,4.003129,4.001789,4.000428,4.011221,4.006099,3.990802,3.9970632,4.001049,4.0030737,3.9965224,4.007097,4.0052633,4.0118985,4.009326,4.0089025,4.013764,4.0256743,4.0180664,4.016816,4.016335,4.022184,4.0241528,4.0213747,4.034405,4.029517,4.034264,4.0243487,4.020668,4.028372,4.0296087,4.031129,4.0272646,4.021406,4.02076,4.02334,4.0209184,4.020668,4.021793,4.017037,4.013561,4.037725,4.046726,4.017003,4.017807,4.0135603,4.0175576,4.0223355,4.004749,4.0192337,4.0046425,4.0200377,4.0178094,4.0088525,4.011265,4.019731,4.0117116,4.014082,4.0091643,4.0129704,4.0106964,4.0077705,4.0145693,4.0210867,4.013112,4.017914,4.022344,4.011923,4.014009,4.011886,4.005136,4.017366,4.01188,3.9908981,4.0010457,3.9831884,3.9922142,3.992901,3.9810698,3.9891496,3.9763358,3.9696434,3.9697287,3.963993,3.9529982,3.9495544,3.946759,3.9460022,3.939588,3.933962,3.929335,3.9211829,3.933534,3.9110804,3.9194658,3.9217134,3.8999496,3.9114068,3.9129324,3.9156005,3.9168715,3.911272,3.9205072,3.9043498,3.9177876,3.9138393,3.9189491,3.9329069,3.9052591,3.9075592,3.913324,3.8988278,3.9184008,3.9224195,3.9375114,3.9373016,3.9393926,3.9341085,3.945028,3.9502325,3.9372194,3.9394789,3.9422815,3.944074,3.9356477,3.9436622,3.949358,3.949536,3.957245,3.9595377,3.9606254,3.9721339,3.9660227,3.9654841,3.9595578,3.96376,3.9608188,3.9529836,3.9569106,3.9617305,3.9579215,3.9771883,3.9609551,3.9655209,3.970864,3.9827518,3.967716,3.9840553,3.9911573,3.9790254,3.9760363,3.968378,3.9713514,3.9705043,3.9611702,3.9505725,,,,,,,,,,,,,,,,,,,,,,,,,,,,,,,,,,,,,,,,,,,,,,,,,,,,,,
3.725447,3.7205827,3.730474,3.721566,3.7067366,3.717881,3.7186387,3.713895,3.7050638,3.7019277,3.7000299,3.698925,3.701794,3.691281,3.6797,3.6820047,3.6827304,3.6780696,3.673234,3.6704965,3.6649234,3.67221,3.6804273,3.6616313,3.6718693,3.6652355,3.6631236,3.6606157,3.6604004,3.6530504,3.6614015,3.6553211,3.6562839,3.649923,3.6507459,3.6585045,3.6521173,3.6485896,3.6505377,3.6496992,3.6601393,3.6509333,3.6526177,3.6503756,3.6504033,3.650385,3.65889,3.6564429,3.660467,3.6562839,3.648828,3.6549573,3.651727,3.6490078,3.6287403,3.637329,3.622303,3.62777,3.5900908,3.5887446,3.5717494,3.5715532,3.5625985,3.5662036,3.554821,3.537219,3.5151453,3.5117586,3.4983556,3.4915607,3.4754117,3.4604259,3.4584959,3.451256,3.4469714,3.431098,3.409361,3.4117377,3.3908613,3.3878865,3.382309,3.362376,3.364803,3.370245,3.3536015,3.3554595,3.3610275,3.3373427,3.3513541,3.3397071,3.3417828,3.3375182,3.3349986,3.341847,3.348897,3.342155,3.352599,3.3435342,3.3533614,3.3736947,3.3805895,3.3865285,3.3878791,3.3843057,3.4044058,3.3988538,3.3970032,3.4207115,3.4064457,3.423289,3.4282076,3.4249754,3.4241965,3.4273372,3.458258,3.4534724,3.4551876,3.458269,3.4736059,3.4721034,3.4742818,3.4955375,3.5011752,3.5059226,3.512179,3.5212345,3.521287,3.5259852,3.510553,3.480678,3.4976134,3.495259,3.4742453,1.34673,3.6347253,3.6369004,3.6029737,3.6346028,3.6691597,3.6505723,3.6574874,3.6622748,3.653112,3.6661727,3.651633,3.6617005,3.666963,3.6833146,3.6741707,3.6959648,3.673067,3.6934736,3.6878736,3.7010972,3.7042792,3.7052875,3.6984437,3.7043164,3.6974127,3.718183,3.7175226,3.7156777,3.7137089,3.721332,3.7185538,3.7279286,3.7195423,3.723096,3.7230744,3.7201722,3.7290745,3.7424862,3.7442882,3.748566,3.7508657,3.7547884,3.7593844,3.759478,3.7579062,3.7710712,3.7749863,3.784995,3.779886,3.7976794,3.7953453,3.790828,3.791774,3.7977083,3.8159468,3.8289022,3.8268077,3.833003,3.841636,3.8501797,3.8420022,3.8608668,3.855676,3.8716173,3.8660834,3.8805432,3.892381,3.901488,3.8962727,3.90488,3.902858,3.9099135,3.9060585,3.9116733,3.9103527,3.9176009,3.911658,3.9111276,3.9197102,3.9198594,3.9089718,3.9255924,3.9179733,3.9206452,3.9102395,3.896539,3.8820596,3.8750763,3.88764,3.8669796,3.8715408,3.8741488,3.876083,3.8698263,3.860332,3.8654583,3.8640933,3.8826747,3.8709598,3.8735118,3.8670683,3.874937,3.868496,3.8694117,3.874877,3.8653097,3.8623936,3.8654559,3.8655345,3.8622005,3.8622599,3.8640172,3.8650367,3.8577766,3.8696249,3.8613143,3.8655407,3.8494651,3.8526473,3.8328125,3.8425555,3.8474276,3.835871,3.8446229,3.8532746,3.844593,3.8527951,3.8470933,3.8505688,3.8493264,3.842142,3.8452823,3.8445911,3.8444893,3.8503842,3.838024,3.841413,3.8372366,3.8395717,3.8427207,3.8445146,3.8466687,3.8409553,3.8428292,3.832774,3.8396957,3.8407078,3.840177,3.8337207,3.8428693,3.8395543,3.8284776,3.8403645,3.8365672,3.837796,3.8330367,3.830062,3.8383102,3.851149,3.8413618,3.8324366,3.847306,3.837116,3.8334954,3.8461313,3.837357,3.8401585,3.8346057,3.8502803,3.8459826,3.8367202,3.850724,3.8561509,3.8539183,3.868722,3.8610926,3.8579273,3.8670034,3.8610342,3.8650637,3.8656917,3.8692734,3.8649335,3.8648107,3.8693087,3.8747222,3.878523,3.8758898,3.873719,3.8762836,3.870775,3.8813996,3.8766754,3.867262,3.8677351,3.8814013,,,,,,,,,,,,,,,,,,,,,,,,,,,,,,,,,,,,,,,,,,,,,,,,,,,,,,,,,,,,,,,,,
3.819353,3.8181174,3.7996912,3.8049445,3.8172112,3.8171396,3.8110127,3.8110316,3.819984,3.8149614,3.8089552,3.8132727,3.8213189,3.819575,3.8031905,3.8168004,3.8291028,3.815906,3.816476,3.816516,3.814682,3.817118,3.823661,3.8325567,3.8211684,3.835412,3.8430076,3.8240702,3.836165,3.843739,3.841728,3.832618,3.830479,3.8303185,3.845599,3.83751,3.8375187,3.8498728,3.8468971,3.8412104,3.8449035,3.8422956,3.835196,3.8455148,3.8504,3.845263,3.8485656,3.8407595,3.8323417,3.837248,3.8311453,3.8178566,3.8185635,3.7999237,3.7819016,3.7686613,3.7354364,3.7119725,3.7107837,3.7009604,3.6686945,3.6726484,3.644374,3.6337404,3.614668,3.5890844,3.5574377,3.534823,3.5266585,3.5301137,3.5090888,3.4801424,3.4789271,3.466451,3.466435,3.4515934,3.4459336,3.4292328,3.4310331,3.4133701,3.3915427,3.3796818,3.3793604,3.3790398,3.3745794,3.390939,3.3652825,3.3627207,3.3520234,3.3557954,3.3385055,3.353526,3.336877,3.3392954,3.352004,3.3365169,3.3401892,3.34385,3.3701842,3.3597615,3.3689318,3.3737755,3.3880374,3.383381,3.3745353,3.400908,3.3954778,3.4005933,3.404361,3.41222,3.4118888,3.4253917,3.4266222,3.4393182,3.4472294,3.4518855,3.464929,3.464036,3.4728248,3.4934363,3.485745,3.4888213,3.4925027,3.511008,3.5128033,3.5100162,3.5207791,3.5434346,3.5473804,3.5512795,3.564196,3.5771399,3.5860078,3.5811427,3.5798078,3.5803666,3.5932415,3.6008506,3.606941,3.6048253,3.600908,3.6102145,3.6294231,3.6402526,3.6433046,3.6414008,3.6498303,3.6507163,3.6544368,3.6477928,3.6592734,3.6510534,3.6482475,3.6454144,3.6457522,3.6311905,3.6296923,3.61968,3.619473,3.600994,3.5699446,3.5611572,3.5189507,2.581852,1.5223423,3.607299,3.5721388,3.5493393,3.59607,3.5545714,3.5995224,3.592181,3.594177,3.5773551,3.5870988,3.5776713,3.576677,3.5808918,3.5788417,3.5736206,3.5805984,3.5733268,3.5846558,3.5765433,3.5650523,3.5761585,3.5878508,3.5868967,3.5829818,3.5874395,3.5900702,3.5873022,3.5913992,3.5842257,3.5876873,3.5903378,3.589026,3.5893538,3.59193,3.5894918,3.5927794,3.592349,3.594392,3.5989892,3.6078951,3.6035569,3.6040478,3.6138911,3.6036408,3.6158328,3.6117501,3.63356,3.6245773,3.6387172,3.6212628,3.6633098,3.6415927,3.6439261,3.6411386,3.6643298,3.668661,3.6613426,3.6648724,3.6643155,3.6626935,3.6728158,3.66807,3.6691296,3.6695683,3.6686347,3.6755419,3.6797078,3.6865447,3.6880524,3.6892622,3.6956294,3.6893902,3.7013462,3.6904125,3.695765,3.7008443,3.6946142,3.6936157,3.687366,3.6967363,3.694613,3.6968944,3.6972413,3.6991446,3.6907337,3.6967,3.7031631,3.6987274,3.6939547,3.6934052,3.6931946,3.6893315,3.679378,3.640849,3.6421664,1.5528003,1.4618932,3.679871,3.7217283,3.7636251,3.685749,3.6794527,3.683864,3.6844914,3.6776273,3.6875935,3.6913354,3.6943843,3.6938527,3.6967566,3.6984053,3.7028975,3.7062097,3.6998103,3.6884995,3.6890686,3.6830199,3.688853,3.6791296,3.685274,3.6855998,3.678031,3.6898227,3.6858628,3.6792543,3.700352,3.6965964,3.7018049,3.6932135,3.6853712,3.690552,3.694905,3.6968307,3.6934357,3.6979654,3.6905394,3.6918108,3.700057,3.7084622,3.7003825,3.6982555,3.6902413,3.6550372,2.121938,3.8051848,3.7810142,3.7755144,3.764756,3.7516508,3.787235,3.7975326,3.7976391,3.7888603,3.8004081,3.8103924,3.8087656,3.8188488,3.825027,3.8412888,3.8375776,3.8347254,3.842256,3.8469303,3.8452456,3.8724847,3.8535182,3.8543217,3.865988,,,,,,,,,,,,,,,,,,,,,,,,,,,,,,,,,,,,,,,,,,,,,,,,,,,,,,,,,,,,,,
3.6977794,3.689649,3.7076142,3.6956964,3.7135732,3.716501,3.7266734,3.7248125,3.7365716,3.7424223,3.7353995,3.7420864,3.7542014,3.752188,3.7498457,3.75256,3.7401588,3.7500618,3.7481139,3.7537935,3.764682,3.750342,3.7696886,3.7687395,3.754904,3.7597163,3.761991,3.769634,3.768031,3.7653232,3.7712302,3.7691798,3.7666798,3.7757692,3.7763066,3.7747576,3.7730808,3.7700083,3.7765079,3.7748404,3.7793431,3.7735639,3.7769709,3.78067,3.7832317,3.7803264,3.7815711,3.7855763,3.7825394,3.7849143,3.7774596,3.777425,3.778911,3.7751336,3.7649412,3.7514048,3.7307987,3.7252753,3.7234337,3.7072766,3.6962519,3.6549098,3.6361992,3.6211574,3.608533,3.5923986,3.5733862,3.5603156,3.5498772,3.5439541,3.539407,3.5167732,3.4936507,3.4764304,3.4811442,3.4678693,3.4552467,3.4379199,3.436259,3.4289842,3.414033,3.3968623,3.3958435,3.39027,3.383577,3.3831956,3.3809977,3.3869228,3.388018,3.3797708,3.3886487,3.3837762,3.3757174,3.3785753,3.371327,3.3706944,3.3731503,3.3835027,3.382009,3.3777256,3.3833961,3.3890343,3.3892214,3.3971517,3.4080515,3.4033399,3.430323,3.4450057,3.4507992,3.453296,3.45729,3.46256,3.4717407,3.4719503,3.4678829,3.4846332,3.492382,3.4965546,3.5042427,3.5164318,3.518782,3.5209732,3.528889,3.5345285,3.5558822,3.5550368,3.555118,3.5631242,3.5603764,3.5689054,3.5911872,3.5897527,3.5976558,3.597197,3.6116192,3.6093082,3.6265726,3.627536,3.6215827,3.6284657,3.6401038,3.638625,3.6436012,3.6402748,3.6317344,3.6431663,3.6423838,3.6477983,3.646704,3.6418827,3.6457822,3.6363974,3.6317859,3.6122775,3.6059802,3.6127238,3.598454,3.5935,3.5920866,3.6260185,3.623871,3.6558337,3.6380355,3.668488,3.6286843,3.6295106,3.6764898,3.6610053,3.6518667,3.6603625,3.6526954,3.6396554,3.649663,3.6548667,3.6481068,3.642561,3.636794,3.6361175,3.6432538,3.639936,3.63449,3.6316886,3.6436691,3.64338,3.6288404,3.639809,3.6376026,3.6406457,3.6392834,3.644036,3.639309,3.6583152,3.6509924,3.6593914,3.6631324,3.6586235,3.6585078,3.6636803,3.6737158,3.6765056,3.681865,3.7028937,3.6962385,3.7005374,3.7092774,3.7206202,3.71627,3.7327712,3.727134,3.7421353,3.7400894,3.7464936,3.7672672,3.7733424,3.7817972,3.7941978,3.775007,3.7898972,3.7844748,3.7942903,3.7916093,3.794239,3.7897809,3.7986803,3.8092237,3.8135433,3.8202996,3.819824,3.8167064,3.820337,3.8225398,3.822752,3.8187683,3.8272433,3.8280447,3.8278494,3.819077,3.834409,3.8328445,3.8243337,3.8249125,3.826119,3.8282354,3.824186,3.8184507,3.8243241,3.8185892,3.827672,3.8245692,3.827504,3.825862,3.8239865,3.8271358,3.8339312,3.8294394,3.7925751,3.8254087,3.8250444,3.8231509,3.832451,3.819364,3.812047,3.815314,3.8266602,3.8052397,3.8060467,3.8183823,3.7997859,3.811942,3.8023772,3.8147717,3.8025289,3.8124752,3.799952,3.8073733,3.7960298,3.8006918,3.7972298,3.7964437,3.798101,3.7991207,3.7944696,3.7966137,3.8000576,3.7935774,3.7835648,3.7955916,3.7643478,3.771755,3.777387,3.7879348,3.782338,3.7712212,3.7709894,3.7643456,3.7746782,3.7890708,3.7738078,3.775919,3.7841804,3.780635,3.7781317,3.7717466,3.7689722,3.7686684,3.790611,3.7815533,3.7749403,3.7810667,3.7801208,3.7657115,3.7625408,3.7897794,3.7874706,3.7872093,3.7886248,3.7841246,3.7976673,3.8022878,3.7986357,3.7924864,3.7921033,3.7780023,3.7939162,3.783594,3.78521,3.789702,3.7858353,3.7845192,3.774589,3.7838314,3.7811854,3.7840042,3.7705593,3.7673628,3.7660809,3.758456,3.7729244,3.7737424,3.7945044,3.784739,3.7791533,3.7873895,3.7830768,3.7837684,3.7722802,3.7780595,3.776166,,,,,,,,,,,,,,,,,,,,,,,,,,,,,,,,,,,,,,,,,,,,,,,
3.7506897,3.7491608,3.7324083,3.7372851,3.7459412,3.745418,3.7357318,3.7392192,3.736157,3.7293634,3.737423,3.729,3.719716,3.721136,3.7302685,3.7440267,3.7229955,3.7496285,3.7233603,3.732475,3.7458146,3.7468553,3.7470055,3.750013,3.7501428,3.7522633,3.7492454,3.755576,3.756996,3.7535198,3.7553422,3.7616453,3.7545412,3.7568622,3.7544274,3.7610126,3.7606075,3.7544546,3.7727783,3.7672,3.7681262,3.7949116,3.802678,3.801511,3.8011703,3.8055844,3.809631,3.8105047,3.8154497,3.819625,3.8258243,3.8172693,3.8102963,3.8113499,3.8094053,3.8057334,3.7995453,3.7830625,3.7832181,3.7558303,3.7511137,3.7523224,3.7247274,3.7041836,3.687919,3.6697938,3.6713204,3.6564975,3.6422353,3.642532,3.6272814,3.6184654,3.6064267,3.5949807,3.5629518,3.5615723,3.5605338,3.5548398,3.5369687,3.5358195,3.5191975,3.499671,3.5000484,3.5057318,3.5016,3.489914,3.4926698,3.495339,3.4941695,3.4920344,3.4862425,3.4809866,3.4863563,3.4795034,3.483156,3.4841568,3.4826572,3.485158,3.4894602,3.489255,3.480591,3.4860086,3.490518,3.492243,3.4930346,3.4970083,3.496043,3.5118487,3.5215929,3.5264692,3.5371718,3.536794,3.5477455,3.5444524,3.5441337,3.5513628,3.5555046,3.556582,3.5613601,3.5830233,3.5818877,3.590886,3.595809,3.6093225,3.6109715,3.6167793,3.6339822,3.6364605,3.6503603,3.648729,3.6624105,3.6681771,3.6770408,3.675799,3.6764033,3.6923623,3.691468,3.6957092,3.7161381,3.7068045,3.7165973,3.716257,3.723582,3.7161844,3.72191,3.7471173,3.7476501,3.742015,3.765735,3.7696793,3.7653124,3.7807856,3.7928417,3.8005593,3.7961624,3.7932687,3.8006835,3.7968707,3.8080204,3.8048215,3.8128474,3.8085976,3.8088768,3.819207,3.8167956,3.8204808,3.828703,3.8196986,3.8283777,3.8209581,3.8218596,3.8182142,3.8303175,3.8047945,3.7833772,3.7796595,3.7387998,1.9705129,3.8250775,3.7956614,3.8549137,3.7945137,3.8275774,3.8423333,3.8348868,3.8128219,3.8047276,3.8269782,3.8190968,3.8264709,3.8201964,3.8249013,3.8076074,3.8098836,3.8092692,3.8139362,3.8109322,3.814182,3.799501,3.7938688,3.800208,3.7979164,3.7992327,3.803535,3.792442,3.8006124,3.7968428,3.7858493,3.7969186,3.7978945,3.8057306,3.8041298,3.8024974,3.8006027,3.808864,3.8070533,3.8092456,3.8078287,3.8043182,3.8058274,3.8094,3.8098595,3.8098874,3.8090549,3.8069458,3.8072398,3.814957,3.810742,3.8298202,3.8178601,3.8203878,3.8423207,3.8325517,3.829475,3.8469758,3.8420486,3.8468478,3.8508692,3.8567998,3.8477395,3.8538177,3.8524542,3.866148,3.855218,3.851406,3.8623676,3.8403933,3.8535373,3.8565793,3.857054,3.8683498,3.8674848,3.8753438,3.8498614,3.8653548,3.8479404,3.8442173,3.8456864,3.8407834,3.830973,3.796509,1.0867012,1.1105376,1.338723,1.5596592,1.6678952,3.7033784,3.6556554,3.6508532,3.7278378,3.7314062,3.619269,3.6032531,3.6363788,3.6145446,3.6102376,3.594541,3.6071618,3.6269994,3.6457558,3.6436825,3.653348,3.6569571,3.6496382,3.6349342,3.6203055,3.62339,3.6225529,3.6221864,3.6101565,3.6051335,3.6086054,3.5862656,3.5896559,3.586216,3.584898,3.583167,3.584979,3.583493,3.5909026,3.5915406,3.5838,3.6156378,3.598666,3.593716,3.6013105,3.605891,3.6176858,3.6006923,3.6111789,3.618044,3.6324863,3.6304204,3.6296306,3.6445239,3.6464527,3.650844,3.638252,3.6534703,3.6906505,3.6625247,3.680853,3.680786,3.681511,3.6878781,3.691255,3.6909382,3.7026992,3.6919377,3.7086422,3.6898553,3.7076807,3.7025838,3.7067447,3.6958776,3.7013836,3.694298,3.6898086,3.6989133,3.6940622,3.6905203,3.6936584,3.6728907,3.6902354,3.6840186,3.678594,3.6748478,3.663633,3.6619167,3.65633,3.6637685,3.6638885,3.6597078,3.6482852,3.6592214,,,,,,,,,,,,,,,,,,,,,,,,,,,,,,,,,,,,,,,,
4.283824,4.284785,4.272083,4.287294,4.2899866,4.2885876,4.2884974,4.2848997,4.285716,4.28845,4.281167,4.279581,4.272228,4.2728286,4.2682676,4.2654247,4.266391,4.2642374,4.2714496,4.2616243,4.2477465,4.2527823,4.2436438,4.253902,4.2375636,4.2414894,4.243239,4.227567,4.222416,4.2146835,4.2101283,4.2049003,4.1941495,4.183834,4.180206,4.172169,4.169511,4.170573,4.1716003,4.1677327,4.168033,4.1563034,4.1613026,4.16064,4.156404,4.151135,4.1505165,4.1427236,4.1445003,4.142599,4.142537,4.1302366,4.117709,4.10366,4.0924172,4.066069,4.048695,4.036664,4.0200014,4.0039434,3.9830081,3.97202,3.9735053,3.930605,3.921777,3.9108307,3.9028442,3.8771749,3.856516,3.8296616,3.8283987,3.8012636,3.7988744,3.7914815,3.787819,3.7866209,3.773631,3.7611063,3.756115,3.732682,3.726588,3.7085543,3.6931415,3.680675,3.6746793,3.671466,3.6562564,3.659092,3.643274,3.6528692,3.6479843,3.6450727,3.6519277,3.6504653,3.646083,3.645398,3.6370168,3.6526902,3.6478744,3.6392484,3.6579058,3.657818,3.6470957,3.6631324,3.6722393,3.6665132,3.688216,3.6682067,3.6717517,3.678964,3.6893585,3.7019625,3.7051353,3.7024632,3.7246346,3.731463,3.7303464,3.757866,3.7543387,3.7643585,3.770234,3.7779765,3.7728233,3.7777095,3.7778633,3.7643654,3.749876,3.7383366,3.75035,2.0584018,2.0814223,2.1671062,2.2693024,3.927583,3.9306026,3.9183507,4.00001,3.9056995,3.9337204,3.9572117,3.963949,3.956818,3.968581,3.9591177,3.9602425,3.958762,3.9724808,3.9816113,3.976697,3.9797163,3.9830453,3.98738,3.9877179,3.9901686,3.9928296,3.986825,3.9929867,4.0054097,4.004368,4.0063224,4.0129266,4.011873,4.0096908,4.012041,4.021407,4.0258822,4.0331783,4.0428834,4.057056,4.0606,4.0439625,4.0348516,4.03088,4.0465946,4.043825,4.054475,4.0702977,4.0677466,4.0777187,4.0880136,4.0959897,4.096379,4.0995374,4.1022124,4.110179,4.1097994,4.1174307,4.1161427,4.1076713,4.1202445,4.124716,4.1260734,4.147291,4.1501155,4.1463823,4.145952,4.1507096,4.1502104,4.1502304,4.1550426,4.1509995,4.1633215,4.1585617,4.155277,4.155181,4.1506066,4.1595907,4.157312,4.1407895,4.159088,4.138268,4.115503,4.1138043,4.1160526,4.0847454,4.0559673,4.0224705,4.003755,3.9880967,3.9900067,4.026229,4.028381,4.017772,4.0122843,4.0110126,4.019371,4.010436,4.0111284,4.0057573,4.0067177,3.9799957,3.9871666,3.97696,3.9788818,3.9637434,3.960236,3.9671516,3.9452782,3.9438531,3.9287972,3.9331174,3.9322438,3.9195137,3.9239862,3.9129796,3.9136739,3.9117672,3.916328,3.9118502,3.909402,3.9099424,3.9058495,3.913449,3.9125652,3.9230504,3.9223964,3.9264562,3.9245977,3.937344,3.9309263,3.9477735,3.93628,3.9438512,3.9424663,3.938349,3.9443252,3.9414413,3.9713585,3.9626427,3.9545732,3.9757695,3.978898,3.979888,3.9677134,3.9832668,3.9791534,4.0038834,3.9983962,3.9964006,4.00442,3.9963138,3.9988084,4.011344,4.0029206,4.0123405,4.0188704,4.0096974,4.0186563,4.0159016,4.0319233,4.0292244,4.031417,4.026534,4.02692,4.0265813,,,,,,,,,,,,,,,,,,,,,,,,,,,,,,,,,,,,,,,,,,,,,,,,,,,,,,,,,,,,,,,,,,,,,,,,,,,,,,,,,,,,,,,,,,,,,,,,,,,,
3.944943,3.9400756,3.9428473,3.953052,3.9495225,3.950999,3.9388342,3.9514222,3.9500256,3.9464555,3.9565978,3.946474,3.9544852,3.9513175,3.9593241,3.9540434,3.9589946,3.9529772,3.9517784,3.9517014,3.9565759,3.949217,3.9535198,3.9235847,3.9174302,3.9193165,3.9171371,3.9222438,3.9222324,3.9276526,3.9194074,3.9317656,3.9290388,3.9242103,3.9269397,3.9263768,3.9269006,3.9268582,3.9309945,3.927091,3.9314404,3.9322174,3.9316196,3.9288328,3.9292357,3.9337204,3.930425,3.9390018,3.931576,3.925798,3.9273171,3.9140375,3.9204493,3.9091733,3.9032247,3.8948393,3.8580892,3.8570116,3.8362877,3.8312774,3.8163073,3.8121157,3.7926795,3.7879837,3.738685,3.7204192,3.7081807,3.6972659,3.686115,3.6768427,3.6639357,3.655737,3.655655,3.6438637,3.6156723,3.6128597,3.6002302,3.6003883,3.5802958,3.5604422,3.5539384,3.5398083,3.5308053,3.5410028,3.5227423,3.5296915,3.5197773,3.5238156,3.5260055,3.5235364,3.5221586,3.5201294,3.5233946,3.5239027,3.5387537,3.5330236,3.5310056,3.5187001,3.5265074,3.5522065,3.5489922,3.556222,3.560949,3.56683,3.583565,3.5960963,3.5831826,3.6078923,3.5952148,3.610258,3.6145105,3.6083994,3.6136131,3.6199281,3.6295,3.6404958,3.6416845,3.6383703,3.6369684,3.639939,3.6392293,3.6628594,3.6943922,3.7038271,3.712573,3.7056992,3.7086136,3.711153,3.7098901,3.7167358,3.7144978,3.7172675,3.6988738,3.6545548,2.160688,2.4608085,3.870937,3.8699102,3.856687,3.8560328,3.9080048,3.8493774,3.8684921,3.8870854,3.8765152,3.8909473,3.8729722,3.878786,3.8896494,3.889863,3.8998332,3.8761027,3.8970337,3.877206,3.8641846,3.8633063,3.8867168,3.877482,3.8765683,3.8841672,3.8883126,3.9005451,3.8999405,3.9087522,3.912463,3.9150565,3.9163182,3.9173558,3.9238193,3.922875,3.9276924,3.9382277,3.9315822,3.9368856,3.9318805,3.9393344,3.9347465,3.9403403,3.9420643,3.9376283,3.9465747,3.9530835,3.9454317,3.9556017,3.9623044,3.966891,3.987942,3.980899,3.9990954,3.9972055,4.0032935,3.9905517,4.0077276,4.0141373,4.012731,4.0179133,4.006629,3.9991689,4.0309286,4.056092,4.030871,4.039088,4.0563016,4.052078,4.058976,4.052221,4.0553226,4.0570393,4.0513062,4.058798,4.0568986,4.049693,4.050673,4.0583925,4.0487423,4.0502634,4.0518737,4.0516686,4.0452056,4.03975,4.033539,4.0402846,4.034326,4.0369363,4.0345263,4.0331664,4.0233183,4.025433,4.0244145,4.0243917,4.0158286,4.0129952,4.009083,4.0073533,4.0065017,4.0010724,3.9992216,3.9980676,3.9998863,3.9941268,3.9856555,3.9763594,3.9728327,3.9432302,3.9691744,3.974734,3.9501922,3.9502718,3.9539235,3.9480493,3.945225,3.9479265,3.946397,3.9518032,3.9386394,3.9354215,3.9227488,3.943383,3.9418385,3.937652,3.9524894,3.9393625,3.9546745,3.9362311,3.9421463,3.932543,3.9496658,3.9496083,3.9486866,3.9562652,3.944724,3.942708,3.9400852,3.9535928,3.94232,3.951611,3.9481988,3.9435422,3.9446173,3.9450727,3.9520314,3.9511096,3.9508245,3.9552078,3.9582806,3.9584897,3.9801285,3.9743404,3.9445703,3.9584546,3.9508288,3.9653878,3.956803,3.9671595,3.965627,3.9641106,3.963578,3.9709022,3.9654517,3.9695263,3.9654522,3.9690092,3.9750316,3.9733934,3.9714372,3.9701414,3.9748013,3.9744925,3.9723911,3.9812534,3.977883,,,,,,,,,,,,,,,,,,,,,,,,,,,,,,,,,,,,,,,,,,,,,,,,,,,,,,,,,,,,,,,,,,,,,,,,,,,,,,,,,,,,
4.0233765,4.0335665,4.035791,4.0291142,4.0321712,4.0203385,4.0387545,4.0256314,4.012861,4.0228553,4.020446,4.0140643,4.015757,4.009811,4.0161934,4.010495,4.005122,4.01648,4.0082564,4.0107107,4.023829,4.0147796,4.012438,4.019817,4.013598,4.022052,4.0200243,4.012906,4.017,4.0294814,4.0265,4.014288,4.0187597,4.025698,4.0285664,4.0294313,4.0297704,4.0370975,4.0396075,4.0384774,4.0318284,4.037124,4.039711,4.042389,4.0340133,4.049335,4.048736,4.041925,4.041941,4.0447645,4.0446067,4.0346084,4.0310636,4.0255795,4.0225725,4.0107164,4.000639,3.982068,3.9724889,3.9506445,3.917735,3.9059942,3.9045112,3.8941991,3.8908474,3.873047,3.847733,3.8369641,3.8253286,3.8089101,3.8113043,3.792229,3.7715907,3.7602236,3.7537785,3.7446382,3.7387297,3.730721,3.7341225,3.7196376,3.7195153,3.719249,3.714192,3.719371,3.704236,3.7047486,3.6983995,3.6962836,3.6932206,3.6921992,3.6924744,3.6948729,3.686559,3.7011487,3.6924484,3.6907802,3.6952324,3.7027779,3.7092993,3.7124288,3.691182,3.6961918,3.6974697,3.686704,3.7077568,3.708399,3.7171133,3.7308033,3.7326386,3.7585552,3.7617211,3.7693877,3.761421,3.7728982,3.7838912,3.7814884,3.7840295,3.7939763,3.7988625,3.8008316,3.8178713,3.8305173,3.8145924,3.8360965,3.8396783,3.8375816,3.843727,3.8462918,3.8474102,3.849901,3.8608453,3.868034,3.8772736,3.866976,3.8583188,3.8189058,3.8119817,1.7097766,2.1486075,3.9444716,3.9554708,3.931347,3.9261062,3.9237118,3.9778798,3.9772112,3.9845362,3.9826581,3.9889555,3.9883566,3.9826846,3.9857059,3.970288,3.9945166,3.994208,3.9884586,3.990098,3.9881911,3.9796917,3.98404,3.989435,3.9838836,3.9922597,3.987605,3.99229,3.9948647,3.996825,4.0014544,4.005164,4.009862,4.01803,3.9977999,4.0060806,4.015552,4.0213,4.0096407,4.037388,4.0356007,4.024263,4.0551896,4.06368,4.0459027,4.058931,4.059436,4.0645037,4.073729,4.05628,4.058,4.0690155,4.0571275,4.0616784,4.06426,4.0609818,4.0601497,4.0431495,3.9966228,4.003347,3.9997826,3.9931278,3.9930112,3.989424,3.9801993,3.9973285,3.9923005,3.9730844,3.940254,3.9525874,3.9474356,3.9276245,3.9312034,3.9179552,3.917882,3.9142547,3.9065015,3.9114656,3.9016008,3.904155,3.907501,3.910203,3.9019504,3.8962314,3.899374,3.8999035,3.8947651,3.902162,3.900359,3.90478,3.8987837,3.901179,3.9036665,3.8976886,3.8999252,3.8983161,3.8973186,3.904348,3.902363,3.8979132,3.8975427,3.9013488,3.9002426,3.8940525,3.899641,3.8985174,3.8946834,3.897278,3.8803344,3.8846035,3.8744962,3.8931637,3.885211,3.8861904,3.8931482,3.8949447,3.8937223,3.9007783,3.8829892,3.8893569,3.8947544,3.886211,3.8767388,3.88461,3.8892126,3.885356,3.8838558,3.8746965,3.883679,3.8800552,3.874641,3.8776722,3.8699744,3.8619964,3.8721228,3.866522,3.8655195,3.8718486,3.8564963,3.8753836,3.863933,3.854721,3.8469973,3.8531117,3.8565557,3.8457499,3.852377,3.8605468,3.8498359,3.8517764,3.8513734,3.8540392,3.853035,3.8517976,3.852728,3.847767,3.8553617,3.8462484,3.8539157,3.856174,3.8489597,3.852484,3.8526268,3.8553991,3.8631754,3.8592377,3.8584604,3.8578372,3.8674588,3.8627207,3.8674066,3.8699763,3.8658519,3.867316,3.8801723,3.8818834,3.884287,3.8809881,3.8745923,3.8799844,3.8869667,3.8797395,3.8999124,3.891585,3.8974168,,,,,,,,,,,,,,,,,,,,,,,,,,,,,,,,,,,,,,,,,,,,,,,,,,,,,,,,,,,,,,,,,,,,,,,,,
3.880014,3.877872,3.8676476,3.8808866,3.871675,3.8764277,3.8750403,3.881254,3.874827,3.8749297,3.8782105,3.8742735,3.88209,3.874718,3.8932607,3.880284,3.8786607,3.885602,3.8862762,3.8876839,3.901883,3.888927,3.9029112,3.9210365,3.914002,3.9076579,3.9140015,3.9279637,3.9337199,3.9343162,3.93952,3.9363654,3.9434776,3.9369397,3.9377306,3.9282792,3.9511817,3.9505346,3.950263,3.9542532,3.9494646,3.9620113,3.9431276,3.953783,3.9547536,3.941787,3.9303038,3.9161754,3.9124687,3.885213,3.88227,3.8739498,3.8727744,3.8685439,3.8552227,3.8338404,3.8389516,3.8130946,3.7847214,3.7422307,3.734704,3.7139919,3.6938891,3.6836486,3.6875253,3.6565893,3.6472137,3.6357741,3.6485374,3.6307263,3.6183212,3.6082714,3.5952773,3.5771575,3.5650442,3.5657103,3.562343,3.5434237,3.5397284,3.5473142,3.5310512,3.5222409,3.5308318,3.5140607,3.521174,3.5241358,3.5020616,3.508976,3.5047653,3.5014281,3.521062,3.5144796,3.5120292,3.5157745,3.5053256,3.516395,3.531766,3.5259552,3.5322697,3.5317688,3.5287259,3.5368712,3.5444524,3.5553007,3.5679383,3.567858,3.5740519,3.589696,3.605324,3.6092558,3.618995,3.6183546,3.6268117,3.6394107,3.6127145,3.592542,3.5946312,1.4596195,1.7533993,2.2503748,3.6778018,3.768368,3.7508273,3.7449973,3.7619398,3.8058023,3.8088007,3.8159158,3.8118546,3.8113816,3.8251836,3.831167,3.840344,3.8545308,3.8550763,3.854719,3.8602371,3.860752,3.8606923,3.85682,3.8701386,3.8751464,3.868232,3.868574,3.878578,3.880688,3.8855023,3.8873541,3.8789415,3.8813324,3.8843646,3.8862226,3.8887222,3.8852863,3.8857713,3.890671,3.883144,3.8929794,3.9054534,3.902435,3.898166,3.9102693,3.8948586,3.8964543,3.9190433,3.9008882,3.88995,3.9025426,2.5105894,2.7573771,3.9535625,3.944279,3.949786,3.9402816,3.971232,3.967377,3.9693446,3.9683955,3.9735348,3.9774692,3.9780319,3.9850738,3.989949,3.990432,3.9892251,3.9949577,3.9896727,3.9777265,3.992878,3.9857414,3.98775,3.9819925,3.9730055,3.980756,3.9767013,3.9755359,3.9626029,3.9750478,3.9690504,3.9661252,3.9609432,3.9598184,3.9534612,3.957484,3.95445,3.953157,3.9539433,3.9548304,3.9600575,3.9520943,3.9464314,3.935283,3.9427636,3.931708,3.9336812,3.936585,3.9291918,3.9384573,3.9341874,3.9347653,3.9345982,3.9346695,3.9349678,3.926619,3.9347878,3.9277246,3.916483,3.9134521,3.912769,3.9157152,3.8916023,3.897907,3.9092271,3.9140658,3.8979163,3.887855,3.8807437,3.883871,3.8786278,3.8828444,3.871193,3.8656197,3.8721185,3.8765967,3.8673027,3.8756776,3.8573296,3.8698568,3.8445165,3.8480146,3.8679614,3.850328,3.8634295,3.855099,3.8552809,3.8627644,3.8616552,3.8616161,3.861595,3.8580391,3.8673832,3.8647027,3.8653834,3.86655,3.8682625,3.8629034,3.8640833,3.868547,3.8586705,3.8679614,3.8691792,3.8681238,3.8638587,3.8742065,3.8723164,3.869452,3.8789816,3.866424,3.8711464,3.872183,3.8702252,3.8708675,3.87954,3.8690648,3.8733835,3.8679674,3.8685913,3.8732967,3.8833182,3.8753548,3.8816037,3.8745952,3.894339,3.8887722,3.8908443,3.8779387,3.8661904,,,,,,,,,,,,,,,,,,,,,,,,,,,,,,,,,,,,,,,,,,,,,,,,,,,,,,,,,,,,,,,,,,,,,,,,,,,,,,,,,,,,,,,,,,,,,,,,,,
3.9017234,3.8964648,3.894277,3.8894727,3.902885,3.9024963,3.8876262,3.8958485,3.9043965,3.904741,3.9044116,3.9057865,3.8962765,3.9041262,3.9047291,3.9011133,3.9030056,3.8938353,3.9021993,3.906339,3.902299,3.9046357,3.9016147,3.8986952,3.8940234,3.8971934,3.895074,3.9009042,3.9002373,3.9015825,3.8995595,3.8948026,3.903959,3.898561,3.9013836,3.8981419,3.9024143,3.898038,3.908313,3.8933055,3.893592,3.8941698,3.9003189,3.89063,3.8902798,3.8949962,3.9007165,3.8902261,3.8947303,3.8801217,3.8847888,3.876846,3.8659534,3.8466048,3.8183544,3.7938738,3.7964523,3.7819993,3.7683544,3.7491982,3.7417176,3.7397354,3.7266653,3.709428,3.691963,3.6739872,3.651677,3.6240153,3.6111999,3.601695,3.5968025,3.5901148,3.5893629,3.5923269,3.5854359,3.5819256,3.5648892,3.563532,3.5448875,3.5498345,3.5532827,3.552878,3.5454905,3.5419886,3.5598464,3.554333,3.5492268,3.5586455,3.5603454,3.5532193,3.549992,3.5513008,3.5496929,3.551246,3.560991,3.5627575,3.56876,3.5594795,3.5633535,3.5604072,3.5901272,3.596653,3.5880795,3.6003568,3.611569,3.609775,3.6101186,3.6035333,3.603897,3.6133678,3.6279378,3.6226559,3.6469805,3.6459174,3.6573124,3.6589634,3.65783,3.6801536,3.6730042,3.6795995,3.6753678,3.686615,3.6859226,3.686256,3.6892292,3.6931224,3.7142215,3.6991487,3.682376,1.931064,1.012793,2.843221,3.8087125,3.841204,3.814003,3.8173265,3.8129125,3.8370628,3.863118,3.8568935,3.8655307,3.8622117,3.8581457,3.8662262,3.8671963,3.9011369,3.904379,3.8949144,3.899178,3.9084823,3.9193008,3.9369688,3.9180675,3.9253323,3.923266,3.9279344,3.9297123,3.938153,3.9329135,3.9214206,3.936446,3.9330904,3.9350393,3.9507854,3.950299,3.962426,3.9507484,3.9395814,4.00524,4.066089,3.9791148,3.9630287,3.9344628,3.950879,3.9525063,3.959765,3.9705098,3.9675784,3.9662988,3.9730723,3.9766288,3.9892547,3.977676,3.9849102,4.0166907,4.012401,4.0097666,4.008317,4.014817,4.0080533,4.0052724,4.003734,4.009446,3.9444408,3.9494426,1.5219644,3.856256,3.899438,3.8870983,3.9154863,3.881743,3.889304,3.876809,3.883375,3.8939216,3.8960378,3.8901863,3.8969784,3.885711,3.8725994,3.8806121,3.8765175,3.860403,3.8671424,3.8471014,3.8524878,3.8435225,3.8366656,3.852404,3.8485093,3.8573031,3.8435888,3.8203175,3.8231206,3.835642,3.8339767,3.832462,3.8377378,3.8309186,3.8347101,3.8313475,3.8322537,3.8299026,3.8388407,3.8266172,3.8351426,3.8387434,3.8358066,3.843754,3.841657,3.864848,3.8501031,3.8486378,3.859183,3.8612983,3.85789,3.8671186,3.8581321,3.862276,3.870289,3.869955,3.8808,3.8707952,3.883231,3.8839178,3.8720772,3.8832443,3.8826895,3.8819613,3.8771007,3.8804526,3.8794644,3.8775754,3.8824883,3.877826,3.8781624,3.8830774,3.881664,3.8872428,3.8769908,3.8827038,3.8878424,3.8818095,3.8907597,3.8781478,3.8805997,3.8812616,3.8819575,3.8778646,3.8884053,3.884888,3.874745,3.8861327,3.8428168,3.8542955,3.843262,3.8413901,3.8379407,3.8408499,3.8419874,3.8412356,3.8399158,3.8432384,3.8398948,,,,,,,,,,,,,,,,,,,,,,,,,,,,,,,,,,,,,,,,,,,,,,,,,,,,,,,,,,,,,,,,,,,,,,,,,,,,,,,,,,,,,,,,,,,,,,,,,,,,,
3.7799268,3.774807,3.771465,3.7765381,3.7855115,3.7863839,3.7817135,3.7864761,3.7763674,3.7860541,3.7847762,3.7825272,3.7792838,3.7804148,3.7879858,3.7878087,3.7808,3.784259,3.788497,3.7849708,3.7639585,3.760604,3.7756228,3.7852309,3.7926495,3.7898474,3.7969568,3.7820601,3.7817152,3.7905734,3.787827,3.806437,3.7944002,3.8060017,3.8077588,3.8088148,3.8058326,3.8107858,3.814506,3.8110986,3.8212647,3.8299882,3.8224192,3.8246887,3.8234916,3.8326983,3.8311532,3.8294127,3.8242872,3.8367386,3.8340273,3.8341024,3.8287168,3.824371,3.8157508,3.8222232,3.804653,3.7986388,3.789588,3.7762606,3.7752492,3.7387655,3.7262998,3.7193892,3.6936042,3.6750402,3.6827898,3.6506581,3.6631002,3.6514878,3.6367948,3.6334186,3.6135325,3.5980678,3.5702183,3.5630748,3.5547612,3.5476794,3.5358958,3.53012,3.5259697,3.517473,3.514899,3.501335,3.5035012,3.5030732,3.4919343,3.4867814,3.4858074,3.4885523,3.483982,3.4816134,3.4786186,3.4805188,3.4781172,3.4743278,3.4754448,3.4832113,3.4801152,3.4910178,3.4874742,3.4920003,3.4986367,3.49732,3.496146,3.5107431,3.507062,3.5210009,3.5252953,3.5255222,3.5317826,3.5334005,3.546561,3.5475466,3.5634139,3.5646663,3.5674393,3.5724626,3.5862164,3.5897012,3.587821,3.5911105,3.60721,3.6098843,3.624524,3.6147406,3.6250937,3.632834,3.6209526,3.6166427,3.5690277,3.5922484,1.8211871,1.8405186,2.359621,3.1849713,3.6734393,3.6633935,3.6332083,3.6257868,3.647262,3.696404,3.6988246,3.7050898,3.7060864,3.6950674,3.6874993,3.6895301,3.6828482,3.6752434,3.6704476,3.6833446,3.6826851,3.6943407,3.6778493,3.6918664,3.688689,3.7044601,3.6942368,3.7013218,3.6986282,3.7012758,3.6960113,3.7013385,3.7104676,3.7087228,3.7072384,3.713124,3.7136858,3.7198992,3.7096634,3.7004938,3.6654894,3.682002,3.6979096,2.123828,2.1730843,1.5346787,1.9548832,2.0505016,3.7469223,3.7385414,3.722547,3.7149658,3.7020175,3.6741076,3.6886919,3.7516992,3.7100344,3.7217505,3.7089055,3.7039487,3.6956716,3.692034,3.6785004,3.6753802,3.669718,3.6589828,3.6604064,3.6532602,3.6546535,3.6461802,3.6465778,3.6198516,3.638657,3.6303737,3.626163,3.6219852,3.6201081,3.6125243,3.6316257,3.6170723,3.6241798,3.6304064,3.6376977,3.6251476,3.6265464,3.6345685,3.647563,3.6454096,3.6442168,3.6541219,3.6582718,3.648281,3.6658106,3.6625006,3.6661398,3.6809044,3.6788206,3.6774879,3.6789985,3.6853034,3.679759,3.6820874,3.6822898,3.6829405,3.683539,3.6914244,3.6830442,3.6856024,3.683306,3.6891508,3.685606,3.6865973,3.6799402,3.6832461,3.6779127,3.6855462,3.6740198,3.6743052,3.6722455,3.6747465,3.662226,3.666785,3.6530867,3.662533,3.6557055,3.6451442,3.6308997,3.6450462,3.6330106,3.6229203,3.6278708,3.6226513,3.622455,3.6269526,3.6168587,3.6100173,3.6114938,3.6107574,3.60552,3.6160069,3.6031413,3.6092768,3.6074588,3.6050851,3.6081603,3.6079397,3.5989208,3.5911977,3.592724,3.589264,3.5926173,3.575287,3.5716727,3.5820403,3.5677903,3.5645826,3.5659163,3.5426445,3.5431485,3.552801,3.5219598,3.5200405,3.519401,3.5374675,3.5438666,3.548859,3.5331044,3.5276632,3.5287595,3.5062594,3.4961624,3.4994044,3.4958568,3.4954429,3.4974973,3.4988189,,,,,,,,,,,,,,,,,,,,,,,,,,,,,,,,,,,,,,,,,,,,,,,,,,,,,,,,,,,,,,,,,,,,,,,,,,,,,,,,,,,,,,,
3.587195,3.5803947,3.5814219,3.5855997,3.5936453,3.5968015,3.6045418,3.6043887,3.6093383,3.6176586,3.612968,3.6200333,3.620503,3.6159081,3.6223145,3.6254091,3.627237,3.6242616,3.6232696,3.6246662,3.6265948,3.629956,3.6329758,3.6417625,3.6333787,3.6330788,3.6595817,3.6402702,3.6404965,3.6509995,3.6517413,3.6540084,3.6592944,3.6559088,3.6597466,3.656511,3.6676226,3.6543732,3.6679459,3.6696658,3.6701047,3.654408,3.670385,3.6826305,3.683435,3.677003,3.6672719,3.6776934,3.6736064,3.6859658,3.6732578,3.6711385,3.6677244,3.6526217,3.6332197,3.630774,3.6006415,3.5899706,3.5757186,3.5756638,3.567476,3.5445514,3.5246084,3.510118,3.5046904,3.4893677,3.4837363,3.4626474,3.458773,3.4363074,3.42391,3.4087658,3.3874352,3.3727994,3.3717225,3.3687954,3.3654697,3.3533032,3.3336008,3.3366635,3.3346188,3.3263965,3.3161035,3.3094578,3.298624,3.279763,3.282714,3.2962284,3.3016334,3.3006845,3.2940724,3.2966332,3.2836962,3.2788677,3.2781582,3.2695277,3.2718072,3.279382,3.2891505,3.2845573,3.2805648,3.285111,3.2944603,3.299132,3.29993,3.3175182,3.3103535,3.3278408,3.313576,3.3232296,3.3168986,3.3165624,3.327392,3.304081,3.3090496,3.276872,2.056405,3.518827,3.4958947,3.489048,3.4880042,3.497622,3.5435493,3.559185,3.5561063,3.5657601,3.5796354,3.5817866,3.5835764,3.5885115,3.5922837,3.5994413,3.5900671,3.6010814,3.6087353,3.6248727,3.6277816,3.628891,3.6328158,3.6344013,3.6290004,3.649053,3.6616056,3.679403,3.691349,3.6906133,3.6921802,3.6914947,3.6996083,3.6987605,3.7134533,3.7001321,3.7186596,3.723243,3.7390785,3.74274,3.744703,3.7511196,3.748913,3.7508142,3.7528129,3.7702463,3.765336,3.7630382,3.7741203,3.7875416,3.7998421,3.7989552,3.792164,3.8030837,3.8058143,3.8204496,3.816075,3.8234158,3.8331091,3.8344178,3.8361363,3.8484957,3.839822,3.8456726,3.851492,3.8437912,3.8472245,3.847588,3.8430595,3.8560064,3.8443992,3.849183,3.8430364,3.8438618,3.8610437,3.8553119,3.8425853,3.8488138,3.841194,3.8270977,3.8329005,3.8474827,3.836374,3.8128393,3.8326719,3.8371058,3.8213155,3.80103,3.8070095,3.8135407,3.8162918,3.8206859,3.8129632,3.8063042,3.8066623,3.8073554,3.8082116,3.8138955,3.8009462,3.8073304,3.819515,3.8119884,3.8058443,3.8054247,3.7982686,3.801056,3.7931123,3.7896929,3.790116,3.7928584,3.7883484,3.7943192,3.78063,3.7858515,3.7806737,3.7731051,3.7801306,3.763171,3.7739637,3.763218,3.7630427,3.7688775,3.759402,3.7603245,3.740531,3.7255964,3.7311475,3.738655,3.7067585,3.715698,3.7089615,3.7153482,3.7649825,3.7717884,3.764861,3.756599,3.7600079,3.7492137,3.7592795,3.7524202,3.7548287,3.7557776,3.7585025,3.7584937,3.7569878,3.752369,3.7530406,3.7513356,3.7535422,3.7570863,3.7521808,3.7630894,3.7653432,3.7653034,3.7533677,3.755613,3.7611425,3.774608,3.7589767,3.777812,3.7757607,3.7706745,3.777825,3.7707863,3.771395,3.7678056,3.7844117,3.7686567,3.7875469,3.7837045,3.7815795,3.780534,3.7727125,3.766605,3.7581894,3.7748334,3.762804,3.7623308,3.7643898,3.755503,3.7640035,3.766098,3.7531161,3.7549698,3.7565823,3.757051,3.7633364,3.765394,3.7604396,,,,,,,,,,,,,,,,,,,,,,,,,,,,,,,,,,,,,,,,,,,,,,,,,,,,,,,,,,,,,,,,,,,,,,,,,,,,,,,,,,,,,,,,,,
3.8424072,3.8515956,3.8526614,3.8521075,3.8416352,3.851294,3.8436124,3.8444235,3.8507078,3.8407018,3.854024,3.8571436,3.8622131,3.8574615,3.8526309,3.8561924,3.8604908,3.8547115,3.857959,3.8603554,3.8655922,3.8550017,3.864553,3.8597968,3.8711092,3.8705604,3.8809445,3.8752608,3.870808,3.8738992,3.8742592,3.8726969,3.8780818,3.879393,3.8835232,3.8790643,3.885946,3.8810236,3.8888092,3.8938625,3.8996654,3.9023645,3.8932436,3.9007256,3.9080992,3.9109254,3.91537,3.911098,3.9030774,3.894623,3.8891187,3.879827,3.8738105,3.8643546,3.8664327,3.8393235,3.8294272,3.8160877,3.7837865,3.7662249,3.7483904,3.7459855,3.7124414,3.7144635,3.6789598,3.6540554,3.6417258,3.6432898,3.6227715,3.613405,3.5936887,3.576665,3.5782554,3.5732555,3.5535717,3.5453863,3.5305295,3.497673,3.504045,3.5004957,3.5100422,3.5042644,3.4989831,3.4914563,3.4821079,3.489491,3.477196,3.4781382,3.4784997,3.467543,3.490549,3.461537,3.4878757,3.477076,3.4767027,3.4806614,3.4804966,3.491509,3.4817686,3.4838245,3.4920077,3.499991,3.502123,3.5120726,3.5210512,3.5275395,3.5238214,3.5306964,3.547023,3.5667906,3.5626876,3.5733743,3.5659478,3.5808794,3.5729702,3.580824,3.597347,3.5944922,3.606145,3.624189,3.6322134,3.6462047,3.6561255,3.667539,3.6755722,3.675025,3.703185,3.7015364,3.7029808,3.7089274,3.7318718,3.716513,3.744615,3.7522326,3.7598746,3.7512207,3.751581,3.7520635,3.7638757,3.7658997,3.7538729,3.722454,2.1881294,1.9895301,2.6578536,2.9835706,2.9102306,3.828227,3.7848063,3.8253598,3.7971478,3.8262558,3.7805662,3.8095102,3.8111997,3.81781,3.812085,3.8075285,3.80056,3.7998645,3.8055696,3.8028653,3.821027,3.8160837,3.809401,3.809051,3.81186,3.8188446,3.816388,3.8148098,3.8127952,3.815733,3.8130987,3.8158154,3.8109906,3.8180838,3.8243563,3.8208787,3.8180118,3.8257918,3.8400013,3.8375192,3.84291,3.8536718,3.8568377,3.857662,3.8526387,3.8658361,3.8617287,3.8733828,3.8879914,3.891206,3.8896334,3.8940556,3.8978815,3.898712,3.9047637,3.9003375,3.911727,3.917174,3.917688,3.9255226,3.9154634,3.9196284,3.9317646,3.9031103,3.9176311,3.9104698,3.8762848,3.8691444,3.8769116,3.8612761,3.866308,3.863831,3.871853,3.862024,3.839383,3.8445494,3.816476,3.7596848,1.8986772,1.9538473,3.010247,3.7422736,3.7668128,3.7525086,3.7692268,3.8016934,3.7259827,3.743538,3.743677,3.7462795,3.7219028,3.7097888,3.7033906,3.7101119,3.6988676,3.6841798,3.6886876,3.6718879,3.6646729,3.6624281,3.6670246,3.6594253,3.6551359,3.6541755,3.682704,3.6726222,3.6523244,3.6590178,3.6425986,3.6356502,3.6384747,3.639823,3.6353433,3.6404588,3.642662,3.6249125,3.6426344,3.6383224,3.6372464,3.6419773,3.6250727,3.633778,3.63992,3.6259356,3.6307747,3.6271296,3.6402645,3.6471868,3.6290796,3.6321466,3.637109,3.6291919,3.6469839,3.6355822,3.6443925,3.652821,3.6489246,3.6414144,3.6479747,3.6487412,3.6523924,3.6450088,3.658753,3.6493917,3.6463146,3.655049,3.6566982,3.6380668,3.6517453,3.6549666,3.6523952,3.644526,3.6615672,3.6620429,3.664215,3.6576397,3.6506019,3.6562977,3.656187,3.654859,3.6563523,3.6504002,3.6554635,3.6554513,3.6500165,3.646625,3.6516848,3.6433954,3.6425538,3.6444201,3.6449645,3.6398325,3.6380675,,,,,,,,,,,,,,,,,,,,,,,,,,,,,,,,,,,,,,,,,,,,,,,,,,,,,,,,,,,,,,,,,,,,,,,,,,,,,,,,
3.6312225,3.6267567,3.6298127,3.6314092,3.6155653,3.6267736,3.6400697,3.639125,3.6548295,3.6440125,3.6487796,3.6561785,3.6504292,3.6515663,3.6563685,3.66978,3.6687677,3.672202,3.670296,3.6652226,3.6706383,3.6674201,3.6722488,3.6769207,3.670375,3.6738489,3.6814468,3.6896966,3.6836445,3.6874938,3.6897926,3.6945481,3.7078073,3.7185423,3.7206376,3.7319303,3.74435,3.7322485,3.7387204,3.751227,3.7480283,3.7416034,3.7467394,3.7545009,3.75623,3.7544465,3.7614517,3.7669303,3.7640283,3.7547455,3.7490299,3.7584734,3.7571461,3.7496362,3.7554185,3.741649,3.7412071,3.7242923,3.7048075,3.6870127,3.6855457,3.680836,3.6550276,3.6499696,3.643876,3.614353,3.6137822,3.605702,3.5812972,3.5375485,3.5337398,3.5220332,3.5173864,3.5212138,3.5035915,3.4972274,3.4732068,3.4777334,3.4712975,3.474434,3.4656508,3.4702232,3.467421,3.4567764,3.4623487,3.4537191,3.4612412,3.4644423,3.4514287,3.4523153,3.4578443,3.4642642,3.4702291,3.4705572,3.4636962,3.4608715,3.4627652,3.470347,3.4741354,3.4743314,3.485161,3.483855,3.492843,3.4974432,3.4975467,3.5114963,3.51277,3.5158198,3.5368652,3.5454051,3.5486202,3.5517232,3.5658195,3.5689893,3.5845938,3.584522,3.5853963,3.6164498,3.6249628,3.6378477,3.6417396,3.6494732,3.65513,3.6605544,3.6678815,3.6603498,3.6528134,3.6467302,3.6376686,3.637382,2.071475,1.9691598,1.9389623,1.989185,2.2717783,2.4322333,3.0113072,2.989381,3.7162952,3.7306888,3.6822166,3.6943364,3.6892436,3.7051253,3.7437491,3.7292085,3.7327075,3.7397892,3.7215598,3.7305562,3.724702,3.7282314,3.74651,3.738786,3.7435405,3.760821,3.7465816,3.750012,3.749539,3.7563848,3.7509239,3.751035,3.7460449,3.7509017,3.7551796,3.7549803,3.7587154,3.7582548,3.7635195,3.7495914,3.751285,3.757091,3.759936,3.759471,3.7580628,3.7538936,3.7563224,3.7579608,3.755666,3.7560327,3.7557755,3.7567236,3.765895,3.752304,3.7694952,3.765339,3.753548,3.759149,3.757676,3.7656946,3.7616994,3.7597706,3.7671447,3.7637303,3.767996,3.7673326,3.7648814,3.7628748,3.761071,3.7605364,3.7607245,3.75828,3.7554119,3.7550437,3.7595615,3.7525542,3.751412,3.7500632,3.743568,3.7379756,3.7248673,3.7191527,3.7240036,3.7122192,3.6898944,3.7002249,3.6931112,3.6905723,3.6770978,3.6789396,3.668949,3.6665306,3.6559908,3.6385806,3.654451,3.6327004,3.6274245,3.628933,3.609028,3.6147025,3.6088238,3.6025105,3.5953112,3.5935113,3.5744207,3.570305,3.5699565,3.5669131,3.5634587,3.5517097,3.5478487,3.5408783,3.542259,3.5410526,3.5267422,3.5216746,3.5147731,3.4917283,3.492351,3.4815981,3.4759307,3.475564,3.4700453,3.4572275,3.4563715,3.4541764,3.4340298,3.420417,3.4213498,3.413379,1.6652231,3.4568086,3.4605877,3.4214041,3.418792,3.4640863,3.4686892,3.4610353,3.4637082,3.477933,3.475603,3.481666,3.483738,3.496168,3.486841,3.490503,3.4980373,3.4904325,3.4796474,3.4975226,3.506371,3.4954548,3.5055685,3.4971495,3.4906664,3.499737,3.498967,3.4980185,3.4930756,3.4953365,3.4955554,3.5034158,3.500534,3.5029085,3.5156915,3.5205438,3.5147557,3.5197535,3.515454,3.5314343,3.5224948,3.523461,3.527851,3.5257308,3.5432665,3.5371373,3.5400753,3.5437028,3.5548244,3.551302,3.5598192,3.5539448,3.570242,3.5605726,3.5657694,3.5750759,3.5812075,,,,,,,,,,,,,,,,,,,,,,,,,,,,,,,,,,,,,,,,,,,,,,,,,,,,,,,,,,,,,,,,,,,,,,,,,,,,,,
3.7261827,3.726878,3.7219615,3.7055786,3.7009885,3.6942034,3.6962702,3.6902864,3.6766267,3.6610856,3.662396,3.660969,3.6562867,3.6422458,3.6477563,3.6435232,3.6584408,3.6410983,3.6455348,3.6444912,3.6492994,3.643653,3.645375,3.6427236,3.6492977,3.6502059,3.6489491,3.652439,3.6486578,3.645918,3.651673,3.654266,3.6556566,3.6592069,3.6631835,3.6609952,3.6620278,3.6589036,3.6667347,3.687532,3.677955,3.686211,3.6928952,3.693739,3.701566,3.713384,3.7054834,3.7096398,3.7088296,3.7151484,3.7183304,3.728342,3.7160213,3.7127721,3.7097535,3.7057412,3.7019506,3.671686,3.683321,3.6524043,3.6458983,3.6315277,3.61021,3.5906665,3.5927415,3.5750346,3.5679262,3.5623772,3.5663142,3.5565894,3.537028,3.5313935,3.5302155,3.5265658,3.5046332,3.4777484,3.4872296,3.464077,3.4517908,3.454823,3.4607146,3.455885,3.4508357,3.4485512,3.4511983,3.4439406,3.444639,3.443834,3.4410462,3.4358895,3.4358454,3.443729,3.4426873,3.441913,3.444654,3.449329,3.4596992,3.4542558,3.45981,3.4572659,3.4563653,3.4620142,3.4621542,3.4842415,3.4655983,3.493912,3.4932,3.5007885,3.51747,3.5299118,3.5274432,3.5341907,3.545331,3.5517197,3.5504487,3.556551,3.5607848,3.5616,3.5821717,3.5820358,3.5847857,3.5894608,3.6019444,3.6193771,3.6206813,3.600363,3.578047,1.869222,2.0275106,2.270093,2.7059748,2.8717365,3.0555358,3.7669785,3.7809942,3.7748382,3.7618256,3.7660282,3.7581549,3.7786367,3.768967,3.7708652,3.7651572,3.7737513,3.7722056,3.7582064,3.772334,3.7691064,3.762556,3.7594228,3.765758,3.7663426,3.7681086,3.7683532,3.7591317,3.761637,3.747326,3.7557497,3.7544003,3.7519214,3.7451463,3.754335,3.7297587,3.743243,3.7400348,3.72576,3.7350814,3.742212,3.7499046,3.749306,3.7505248,3.7411253,3.7493994,3.7478,3.7422938,3.7481854,3.7469096,3.7420075,3.7663941,3.7746363,3.7602367,3.7572122,3.7588496,3.767096,3.7677417,3.7768364,3.7883003,3.7934206,3.7936826,3.795432,3.7994123,3.807244,3.795984,3.793162,3.8013487,3.8021793,3.7974339,3.8103878,3.8106847,3.806226,3.8128002,3.7937474,3.813071,3.8127432,3.792315,3.8045628,3.8010988,3.7936847,3.7762253,3.7812464,3.730679,2.159317,1.7977993,3.6381512,3.6642845,3.650001,3.6300566,3.6414607,3.651958,3.6564999,3.6577024,3.6380389,3.6191993,3.6221929,3.6194239,3.6077783,3.6327124,3.6196244,3.6066904,3.6025088,3.6024246,3.6020756,3.594109,3.584722,3.5831091,3.579661,3.5794015,3.5700586,3.565588,3.5526247,3.5576856,3.556096,3.5707357,3.5502105,3.5587728,3.55033,3.5488706,3.5637364,3.551629,3.5551002,3.5701344,3.5670278,3.5701504,3.5896506,3.5749137,3.5665448,3.5803623,3.5832756,3.590328,3.5825784,3.5797875,3.5861511,3.5839758,3.6039538,3.59405,3.609896,3.60564,3.6047556,3.6190815,3.617267,3.620357,3.622864,3.630852,3.6259637,3.628281,3.6323352,3.6420965,3.638692,3.6455374,3.6454911,3.6602507,3.668813,3.6637626,3.6606038,3.6688535,3.671691,3.6789212,3.6717253,3.683308,3.6880505,3.6862657,3.6857011,3.6897569,3.681804,3.6893218,3.687422,3.697089,3.6918447,3.6873918,3.694666,3.7018604,3.693058,3.6991603,3.709526,3.7000325,3.7021945,,,,,,,,,,,,,,,,,,,,,,,,,,,,,,,,,,,,,,,,,,,,,,,,,,,,,,,,,,,,,,,,,,,,,,,,,,,,,,,,,,,,,,,,,
3.7853808,3.7789817,3.774387,3.778231,3.7700295,3.7736576,3.7884457,3.7752643,3.7689648,3.7606382,3.7658901,3.753677,3.7480664,3.754156,3.75068,3.7533684,3.7453196,3.7488098,3.7504697,3.7548726,3.7508614,3.7293108,3.726924,3.737139,3.7348084,3.728858,3.7252138,3.7248442,3.7148616,3.7169752,3.71776,3.7060373,3.7092867,3.7019784,3.7113254,3.7093744,3.7053354,3.684453,3.6948864,3.6901758,3.6912875,3.6790519,3.686449,3.6845639,3.684755,3.6872742,3.678049,3.682395,3.6576564,3.674773,3.6576123,3.6572528,3.632911,3.6290324,3.6129656,3.592208,3.5792303,3.5609179,3.549089,3.5314462,3.5105765,3.5051193,3.4778445,3.4596906,3.449998,3.4414856,3.4267795,3.4174607,3.3906815,3.3790252,3.3518064,3.3526797,3.3462546,3.333923,3.3227868,3.3008513,3.3100328,3.2905045,3.2979732,3.281978,3.2838197,3.2684894,3.2670076,3.2762265,3.2623508,3.2513494,3.2617922,3.2465374,3.255205,3.241396,3.2485654,3.2535334,3.2550533,3.2528892,3.253401,3.2570102,3.262305,3.2568412,3.2562504,3.2567086,3.2676437,3.2697976,3.2522037,3.2724552,3.28656,3.282491,3.3030746,3.3035579,3.3162374,3.3183742,3.325175,3.321993,3.3215568,3.333097,3.3423188,3.3489223,3.3608642,3.3729265,3.3872626,3.403789,3.4014733,3.4194217,3.4228182,3.432623,3.4424894,3.4524558,3.4595973,3.4640417,3.4647017,3.4714074,3.4862444,3.4850478,3.4907212,3.512388,3.505243,3.5236917,3.5219376,3.5306182,3.5507035,3.538004,3.5435157,3.5504415,3.5639455,3.5414116,3.5606804,3.561088,3.5267656,3.524497,3.510607,3.5185866,2.1622736,2.1019654,2.408471,3.5696213,3.5761082,3.5180807,3.52605,3.5177066,3.5424006,3.5440009,3.5550659,3.5673366,3.5545492,3.5639386,3.5645978,3.5661685,3.5673413,3.57312,3.5831783,3.573761,3.5748594,3.5727859,3.580454,3.582442,3.5735543,3.5743854,3.5707471,3.5669076,3.5705748,3.5810375,3.5715497,3.5814412,3.5824087,3.5757976,3.5686588,3.5753026,3.5737987,3.580797,3.5637887,3.5579803,3.5489445,1.6783122,3.6710021,3.6549938,3.6312466,3.6166422,3.6997266,3.6159995,3.660148,3.6551619,3.6807153,3.6794662,3.6838725,3.6769824,3.6808014,3.682717,3.704273,3.6964893,3.706104,3.6982577,3.702915,3.70075,3.6971133,3.6959503,3.6845438,3.6874483,3.7169273,3.717887,3.6907463,3.682546,3.6794019,3.6816866,3.6866517,3.6911807,3.6888857,3.680238,3.6902401,3.6841958,3.6905608,3.684963,3.6885698,3.681215,3.6953459,3.7014294,3.6934385,3.6921818,3.6936438,3.7044737,3.7012131,3.6946342,3.7050838,3.6991217,3.6970003,3.7001028,3.702007,3.7085302,3.6966267,3.700662,3.7003736,3.7079728,3.6975384,3.688054,3.695318,3.6908813,3.698252,3.6952527,3.699563,3.6984367,3.694232,3.692007,3.6793234,3.6947477,3.679781,3.6831596,3.694298,3.6798818,3.6512177,3.6606207,2.3218055,3.2452025,3.6559474,3.6150138,3.6795363,3.7415607,3.764271,3.6257207,3.6384952,3.6210983,3.6226325,3.621032,3.6207528,3.6103427,3.614693,3.616382,3.6196854,3.6091087,3.604471,3.6007435,3.5946941,3.5862343,3.5846934,3.580705,3.5677156,3.5697882,3.5681427,3.564844,3.5535767,3.5539927,3.5410175,3.5444474,3.5206118,3.5311935,3.5225909,3.5223737,3.5193756,3.522735,3.5188715,3.5168512,3.5221639,3.5269866,3.5258482,3.5197518,3.5271337,3.5259316,3.5355115,3.5286071,3.5173492,3.5251644,3.526568,3.529336,3.541803,,,,,,,,,,,,,,,,,,,,,,,,,,,,,,,,,,,,,,,,,,,,,,,,,,,,,,,,,,,,,,,,,,,,,,,,,,
3.4783773,3.4810712,3.4815595,3.4816134,3.4801576,3.4809651,3.490619,3.4992428,3.4925542,3.493536,3.4819472,3.5091019,3.4915025,3.5067596,3.5101023,3.5088127,3.5135846,3.5053353,3.510861,3.5127695,3.5162716,3.5165527,3.5183904,3.5095527,3.5107396,3.5130184,3.5079668,3.5265858,3.5292969,3.5234542,3.517199,3.500333,3.509707,3.501349,3.5040708,3.5013354,3.510615,3.5079353,3.5088227,3.4987013,3.4999497,3.4965997,3.498418,3.4971676,3.50336,3.4958816,3.4968524,3.497477,3.5003793,3.4951382,3.487785,3.4836526,3.483212,3.477426,3.4653733,3.4498217,3.43494,3.435125,3.4317462,3.4025817,3.3955934,3.388222,3.3817053,3.356036,3.3368196,3.3256176,3.3062117,3.3035264,3.304583,3.297144,3.2780511,3.2774014,3.275912,3.2650642,3.257193,3.2311575,3.2213929,3.1979368,3.2020836,3.1946013,3.1945896,3.2052815,3.1888604,3.187468,3.1842532,3.1678407,3.1609733,3.1677427,3.1636608,3.1721747,3.1656036,3.1843188,3.1793444,3.1791706,3.18633,3.1875546,3.1913927,3.190214,3.201913,3.2075982,3.2061763,3.2079403,3.2159786,3.2154915,3.2141676,3.2166905,3.2195776,3.240378,3.2555814,3.261289,3.269588,3.2678134,3.2873106,3.2916243,3.2967503,3.3055062,3.301814,3.303821,3.3059175,3.304797,3.3253295,3.3494446,3.3547604,3.3604484,3.371319,3.363157,3.3797982,3.3977451,3.4013157,3.4068568,3.402004,3.4141932,3.4307542,3.437448,3.4447055,3.4463825,3.4511094,3.4635985,3.4569697,3.4652674,3.4706717,3.478238,3.4791503,3.4717157,3.474155,3.4833016,3.489928,3.471723,3.4689898,3.467391,3.474764,3.4469056,1.8936946,3.5187833,3.485989,3.5035648,3.5365136,3.5955853,3.5163674,3.519095,3.522915,3.5283186,3.5255594,3.5300076,3.5285547,3.5295892,3.5302176,3.5398242,3.5389888,3.5461607,3.5482802,3.5497274,3.5637693,3.547627,3.5450876,3.5628579,3.5559278,3.5553465,3.5374691,3.53789,3.5379906,3.5531874,3.5478497,3.5492754,3.5532317,3.5580044,3.5621817,3.5599964,3.5717957,3.5759234,3.574,3.5875874,3.5850015,3.5917232,3.59383,3.6077478,3.6090167,3.6094687,3.613388,3.607714,3.6107602,3.6292634,3.6400545,3.6547153,3.6573443,3.6515884,3.6597407,3.6569965,3.6622038,3.6694016,3.6735213,3.6718197,3.6869605,3.686904,3.674799,3.6794024,3.6731384,3.6802514,3.6833096,3.6962926,3.6786363,3.695616,3.700857,3.6887662,3.6973186,3.6975937,3.684913,3.693583,3.6950958,3.6939375,3.6853235,3.696794,3.6948037,3.705443,3.6956587,3.703644,3.7190256,3.7147214,3.702969,3.7025723,3.698487,3.707452,3.7084372,3.7018764,3.7023082,3.6982195,3.6978068,3.696511,3.7005322,3.703953,3.7033534,3.7072608,3.697154,3.7007382,3.711772,3.708996,3.7056816,3.6981673,3.6903381,3.6848302,3.6795778,3.6712282,3.6710505,3.6742456,3.6599476,3.6483343,3.6316247,3.6276588,3.62711,3.6128643,3.611832,3.5857146,2.1146557,1.6322393,1.6603339,2.2921996,3.6061776,3.5248172,3.5665803,3.5464382,3.5738945,3.5969136,3.585274,3.596727,3.587017,3.5931096,3.5959437,3.6051748,3.5958474,3.5940301,3.600431,3.5981812,3.6011295,3.6073892,3.6044502,3.6128669,3.6081486,3.6037917,3.60932,3.6111972,3.616016,3.6109293,3.6036131,3.6221976,3.6186614,3.6189103,3.6165137,3.6211479,3.6492746,3.635565,3.6363363,3.635767,3.6328232,3.649164,3.649653,3.665166,3.6533196,3.664031,3.6439044,3.6578531,3.6444814,3.6636465,3.660035,3.6651578,3.6667407,3.6567173,3.6828601,3.6845558,3.682218,3.683561,3.6940598,3.6919804,3.6935313,3.6878288,3.682212,3.6975458,3.6865833,,,,,,,,,,,,,,,,,,,,,,,,,,,,,,,,,,,,,,,,,,,,,,,,,,,,,,,,,,
